use dnti;

INSERT INTO `user`  VALUES ('skj@gmail.com',1994,'PISN','역삼동','강남구','팀장');
INSERT INTO `user`  VALUES ('kth@gmail.com',1993,'PNIS','상일동','강동구','팀원1');
INSERT INTO `user`  VALUES ('pyj@gmail.com',1997,'INSP','상도동','동작구','팀원2');
INSERT INTO `user`  VALUES ('yth@gmail.com',1993,'SNPI','양재동','서초구','팀원3');
INSERT INTO `user`  VALUES ('hjw@gmail.com',1997,'NIPS','신대방동','동작구','팀원4');
INSERT INTO `user`  VALUES ('hiy@gmail.com',1996,'NPSI','잠실동','송파구','팀원5');

-- 리뷰 더미 데이터--
INSERT INTO `review`  VALUES (1,'2022-09-20 09:30:22.232051','2022-09-20 09:30:22.232051','1111',3,'강남구',1,3,4,0,4,3.5,'안녕','skj@gmail.com');
INSERT INTO `review`  VALUES (2,'2022-09-20 10:30:22.232051','2022-09-20 10:30:22.232051','1111',3,'강남구',2,3,4,0,4,3.5,'안녕하세요','skj@gmail.com');
INSERT INTO `review`  VALUES (3,'2022-09-20 11:30:22.232051','2022-09-20 11:30:22.232051','1111',3,'강남구',3,3,4,0,4,3.5,'강남구 살기 좋아','skj@gmail.com');
INSERT INTO `review`  VALUES (4,'2022-09-20 12:30:22.232051','2022-09-20 12:30:22.232051','1111',3,'강남구',4,3,4,0,4,3.5,'집 값이 너무 비싸','skj@gmail.com');
INSERT INTO `review`  VALUES (5,'2022-09-20 19:30:22.232051','2022-09-20 19:30:22.232051','1111',3,'강남구',5,3,4,0,4,3.5,'안녕하모니카','skj@gmail.com');


INSERT INTO `review`  VALUES (6,'2022-09-20 18:33:22.232051','2022-09-20 18:33:22.232051','1111',3,'강동구',1,3,4,0,4,3.5,'강동구 좋아요','kth@gmail.com');
INSERT INTO `review`  VALUES (7,'2022-09-20 18:36:22.232051','2022-09-20 18:36:22.232051','1111',4,'강동구',1,4,4,0,4,4,'안녕하십니까','kth@gmail.com');
INSERT INTO `review`  VALUES (8,'2022-09-20 18:40:22.232051','2022-09-20 18:40:22.232051','1111',5,'강동구',1,5,5,0,5,5,'강변역 폰 바꾸기 좋아요','kth@gmail.com');
INSERT INTO `review`  VALUES (9,'2022-09-20 18:41:22.232051','2022-09-20 18:41:22.232051','1111',3,'강동구',1,3,4,0,4,3.5,'복싱장이 좋아요','kth@gmail.com');
INSERT INTO `review`  VALUES (10,'2022-09-20 18:45:22.232051','2022-09-20 18:45:22.232051','1111',3,'강동구',1,3,4,0,4,3.5,'반찬가게','kth@gmail.com');

INSERT INTO `review`  VALUES (11,'2022-09-20 13:30:22.232051','2022-09-20 13:30:22.232051','1111',3,'동작구',32,3,4,0,4,3.5,'안녕','pyj@gmail.com');
INSERT INTO `review`  VALUES (12,'2022-09-20 14:30:22.232051','2022-09-20 14:30:22.232051','1111',3,'동작구',64,3,4,0,4,3.5,'동작 불주먹','pyj@gmail.com');
INSERT INTO `review`  VALUES (13,'2022-09-20 15:30:22.232051','2022-09-20 15:30:22.232051','1111',3,'동작구',256,3,4,0,4,3.5,'디자인킹','pyj@gmail.com');
INSERT INTO `review`  VALUES (14,'2022-09-20 16:30:22.232051','2022-09-20 16:30:22.232051','1111',3,'동작구',512,3,4,0,4,3.5,'상경한 1인가구','pyj@gmail.com');
INSERT INTO `review`  VALUES (15,'2022-09-20 18:30:22.232051','2022-09-20 18:30:22.232051','1111',3,'동작구',1024,3,4,0,4,3.5,'거제 불주먹','pyj@gmail.com');


INSERT INTO `review`  VALUES (16,'2022-09-20 13:30:22.232051','2022-09-20 13:30:22.232051','1111',3,'서초구',2,3,4,0,4,3.5,'안녕','yth@gmail.com');
INSERT INTO `review`  VALUES (17,'2022-09-20 14:30:22.232051','2022-09-20 14:30:22.232051','1111',3,'서초구',4,3,4,0,4,3.5,'안녕하십네까','yth@gmail.com');
INSERT INTO `review`  VALUES (18,'2022-09-20 15:30:22.232051','2022-09-20 15:30:22.232051','1111',3,'서초구',8,3,4,0,4,3.5,'오늘 반찬','yth@gmail.com');
INSERT INTO `review`  VALUES (19,'2022-09-20 16:30:22.232051','2022-09-20 16:30:22.232051','1111',3,'서초구',16,3,4,0,4,3.5,'매머드커피','yth@gmail.com');
INSERT INTO `review`  VALUES (20,'2022-09-20 17:30:22.232051','2022-09-20 17:30:22.232051','1111',3,'서초구',32,3,4,0,4,3.5,'메가커피 좋아','yth@gmail.com');

INSERT INTO `review`  VALUES (21,'2022-09-20 11:30:22.232051','2022-09-20 11:30:22.232051','1111',3,'동작구',100,3,4,0,4,3.5,'안녕안녕','hjw@gmail.com');
INSERT INTO `review`  VALUES (22,'2022-09-20 12:30:22.232051','2022-09-20 12:30:22.232051','1111',3,'동작구',1001,3,4,0,4,3.5,'안녕','hjw@gmail.com');
INSERT INTO `review`  VALUES (23,'2022-09-20 13:30:22.232051','2022-09-20 13:30:22.232051','1111',3,'동작구',1,3,4,0,4,3.5,'농구하실분','hjw@gmail.com');
INSERT INTO `review`  VALUES (24,'2022-09-20 14:30:22.232051','2022-09-20 14:30:22.232051','1111',3,'동작구',1,3,4,0,4,3.5,'헬스 가실분','hjw@gmail.com');
INSERT INTO `review`  VALUES (25,'2022-09-20 15:30:22.232051','2022-09-20 15:30:22.232051','1111',3,'동작구',1,3,4,0,4,3.5,'서울대입구역','hjw@gmail.com');


INSERT INTO `review`  VALUES (26,'2022-09-20 11:30:22.232051','2022-09-20 11:30:22.232051','1111',3,'송파구',1,3,4,0,4,3.5,'안녕하세요','hiy@gmail.com');
INSERT INTO `review`  VALUES (27,'2022-09-20 12:30:22.232051','2022-09-20 12:30:22.232051','1111',3,'송파구',2,3,4,0,4,3.5,'송파 주민입니다.','hiy@gmail.com');
INSERT INTO `review`  VALUES (28,'2022-09-20 13:30:22.232051','2022-09-20 13:30:22.232051','1111',3,'송파구',5,3,4,0,4,3.5,'치킨드실분','hiy@gmail.com');
INSERT INTO `review`  VALUES (29,'2022-09-20 14:30:22.232051','2022-09-20 14:30:22.232051','1111',3,'송파구',10,3,4,0,4,3.5,'양념치킨 가능??','hiy@gmail.com');
INSERT INTO `review`  VALUES (30,'2022-09-20 15:30:22.232051','2022-09-20 15:30:22.232051','1111',3,'송파구',20,3,4,0,4,3.5,'저도 여기 사람입니다','hiy@gmail.com');



INSERT INTO `dnti`.`gu` (`gu_name`) VALUES ('종로구');
INSERT INTO `dnti`.`gu` (`gu_name`) VALUES ('중구');
INSERT INTO `dnti`.`gu` (`gu_name`) VALUES ('용산구');
INSERT INTO `dnti`.`gu` (`gu_name`) VALUES ('성동구');
INSERT INTO `dnti`.`gu` (`gu_name`) VALUES ('광진구');
INSERT INTO `dnti`.`gu` (`gu_name`) VALUES ('동대문구');
INSERT INTO `dnti`.`gu` (`gu_name`) VALUES ('중랑구');
INSERT INTO `dnti`.`gu` (`gu_name`) VALUES ('성북구');
INSERT INTO `dnti`.`gu` (`gu_name`) VALUES ('강북구');
INSERT INTO `dnti`.`gu` (`gu_name`) VALUES ('도봉구');
INSERT INTO `dnti`.`gu` (`gu_name`) VALUES ('노원구');
INSERT INTO `dnti`.`gu` (`gu_name`) VALUES ('은평구');
INSERT INTO `dnti`.`gu` (`gu_name`) VALUES ('서대문구');
INSERT INTO `dnti`.`gu` (`gu_name`) VALUES ('마포구');
INSERT INTO `dnti`.`gu` (`gu_name`) VALUES ('양천구');
INSERT INTO `dnti`.`gu` (`gu_name`) VALUES ('강서구');
INSERT INTO `dnti`.`gu` (`gu_name`) VALUES ('구로구');
INSERT INTO `dnti`.`gu` (`gu_name`) VALUES ('금천구');
INSERT INTO `dnti`.`gu` (`gu_name`) VALUES ('영등포구');
INSERT INTO `dnti`.`gu` (`gu_name`) VALUES ('동작구');
INSERT INTO `dnti`.`gu` (`gu_name`) VALUES ('관악구');
INSERT INTO `dnti`.`gu` (`gu_name`) VALUES ('서초구');
INSERT INTO `dnti`.`gu` (`gu_name`) VALUES ('강남구');
INSERT INTO `dnti`.`gu` (`gu_name`) VALUES ('송파구');
INSERT INTO `dnti`.`gu` (`gu_name`) VALUES ('강동구');

-- INSERT INTO `dong` VALUES (1,-0.45147,'청운동',-0.57704,-0.01508,-0.77115,-1.94374,-0.52951,'종로구'),(2,-0.45147,'신교동',-0.58299,0.197251,-0.28893,-1.94374,-0.62534,'종로구'),(3,-0.45147,'궁정동',-0.59249,-0.57215,-0.64217,-1.94374,-0.61165,'종로구'),(4,-0.45147,'효자동',-0.57704,-0.57215,0.211787,-1.94374,-0.59796,'종로구'),(5,-0.45147,'창성동',-0.56873,-0.57215,-0.32718,-1.94374,-0.59796,'종로구'),(6,-0.42737,'통의동',-0.50693,-0.57215,-0.96506,-1.94374,-0.57058,'종로구'),(7,-0.39707,'적선동',-0.4998,-0.57215,0,-1.94374,-0.25257,'종로구'),(8,-0.42117,'통인동',-0.49623,-0.57215,0.801482,-1.94374,-0.58427,'종로구'),(9,-0.45147,'누상동',-0.57348,-0.57215,0.127286,-1.94374,-0.61165,'종로구'),(10,-0.45147,'누하동',-0.53189,-0.57215,-0.16721,-1.94374,-0.58427,'종로구'),(11,-0.45147,'옥인동',-0.55803,1.654506,0.338292,-1.94374,-0.59796,'종로구'),(12,-0.39087,'체부동',-0.48673,-0.57215,-0.01745,-1.94374,-0.62534,'종로구'),(13,-0.45147,'필운동',-0.50336,-0.57215,-0.4167,-1.94374,-0.62534,'종로구'),(14,-0.40328,'내자동',-0.48316,-0.57215,3.558696,-1.94374,-0.57058,'종로구'),(15,-0.40328,'사직동',-0.55209,1.015156,-0.66703,-1.94374,-0.48844,'종로구'),(16,-0.45147,'도렴동',-0.52238,-0.27481,0,-1.94374,-0.62534,'종로구'),(17,-0.42737,'당주동',-0.40473,0.524271,0.040664,-1.94374,-0.62534,'종로구'),(18,-0.28279,'내수동',-0.43563,0.928962,-1.21451,-1.94374,-0.62534,'종로구'),(19,-0.45147,'세종로',-0.56635,-0.42986,0,-1.94374,-0.04721,'종로구'),(20,-0.24423,'신문로1가',-0.17676,-0.24418,-0.52388,-1.94374,-0.55689,'종로구'),(21,-0.24423,'신문로2가',-0.47484,-0.43816,-0.91545,-1.94374,-0.58427,'종로구'),(22,-0.45147,'청진동',-0.36195,0.163462,0,-1.94374,-0.62534,'종로구'),(23,-0.42737,'서린동',-0.24926,-0.04203,0,-1.94374,-0.61165,'종로구'),(24,-0.45147,'수송동',-0.45583,0.165597,-0.9539,-1.94374,-0.62534,'종로구'),(25,-0.45147,'중학동',-0.56397,-0.57215,0,-1.94374,-0.61165,'종로구'),(26,-0.40328,'종로1가',-0.20766,-0.57215,-0.79812,-1.94374,-0.1978,'종로구'),(27,-0.42737,'공평동',-0.53307,-0.57215,0,-1.94374,-0.59796,'종로구'),(28,-0.42117,'관훈동',-0.35838,-0.57215,-0.67418,-1.94374,-0.61165,'종로구'),(29,-0.42737,'견지동',-0.55447,-0.57215,-0.76209,-1.94374,-0.55689,'종로구'),(30,-0.45147,'와룡동',-0.5711,-0.57215,-1.89484,-1.94374,-0.55689,'종로구'),(31,-0.45147,'권농동',-0.56041,3.934352,-1.15439,-1.94374,-0.61165,'종로구'),(32,-0.45147,'운니동',-0.55447,-0.57215,0.850222,-1.94374,-0.57058,'종로구'),(33,-0.45147,'익선동',-0.41661,-0.57215,-0.90455,-1.94374,-0.62534,'종로구'),(34,-0.45147,'경운동',-0.56991,-0.57215,-1.02556,-1.94374,-0.15673,'종로구'),(35,-0.33647,'관철동',-0.15754,-0.24668,-1.20642,-1.94374,-0.55689,'종로구'),(36,-0.45147,'인사동',-0.40116,-0.01516,0,-1.94374,-0.59796,'종로구'),(37,-0.20773,'낙원동',0.267487,-0.57215,-0.29206,-1.94374,-0.61165,'종로구'),(38,-0.45147,'종로2가',-0.52594,-0.1053,0,-1.94374,-0.5432,'종로구'),(39,-0.45147,'팔판동',-0.55565,-0.57215,-0.7121,-1.94374,-0.59796,'종로구'),(40,-0.40328,'삼청동',-0.47841,-0.57215,1.110161,-1.94374,-0.52951,'종로구'),(41,-0.45147,'안국동',-0.55209,-0.57215,0.527322,-1.94374,-0.59796,'종로구'),(42,-0.42737,'소격동',-0.54377,-0.57215,-0.589,-1.94374,-0.61165,'종로구'),(43,-0.45147,'화동',-0.55922,-0.57215,-0.04771,-1.94374,-0.61165,'종로구'),(44,-0.45147,'사간동',-0.5711,-0.57215,-0.03014,-1.94374,-0.62534,'종로구'),(45,-0.45147,'송현동',-0.59606,-0.57215,0,-1.94374,-0.61165,'종로구'),(46,-0.45147,'가회동',-0.56754,-0.57215,0.122552,-1.94374,-0.51582,'종로구'),(47,-0.42117,'재동',-0.50693,-0.57215,-0.69617,-1.94374,-0.57058,'종로구'),(48,-0.45147,'계동',-0.51168,-0.57215,-0.14283,-1.94374,-0.5432,'종로구'),(49,-0.42737,'원서동',-0.5616,-0.2827,0.351975,-1.94374,-0.58427,'종로구'),(50,-0.45147,'훈정동',-0.59606,1.240522,0,-1.94374,-0.62534,'종로구'),(51,-0.42117,'묘동',-0.50693,-0.57215,0,-1.94374,0.506675,'종로구'),(52,-0.45147,'봉익동',-0.54377,1.845217,-0.53125,-1.94374,-0.62534,'종로구'),(53,0.025657,'돈의동',-0.44395,-0.57215,0.013818,-1.94374,-0.62534,'종로구'),(54,-0.45147,'장사동',-0.56635,0.132772,0,-1.94374,-0.61165,'종로구'),(55,-0.39087,'관수동',-0.47009,-0.57215,-2.0322,-1.94374,-0.61165,'종로구'),(56,-0.42737,'종로3가',-0.51287,0.863308,0,-1.94374,-0.52951,'종로구'),(57,-0.45147,'인의동',0.078534,0.960006,-1.36302,-1.94374,-0.59796,'종로구'),(58,-0.45147,'예지동',-0.27065,-0.52607,0,-1.94374,-0.58427,'종로구'),(59,-0.40328,'원남동',-0.55209,-0.57215,-0.76992,-1.94374,-0.57058,'종로구'),(60,-0.45147,'연지동',-0.52476,0.007629,-1.38309,-1.94374,-0.61165,'종로구'),(61,-0.45147,'종로4가',-0.54734,0.515527,0,-1.94374,-0.5432,'종로구'),(62,-0.45147,'효제동',-0.47009,-0.57215,-1.82677,-1.94374,-0.58427,'종로구'),(63,-0.36057,'종로5가',-0.32867,-0.57215,0,-1.94374,-0.15673,'종로구'),(64,-0.45147,'종로6가',0.401569,1.10147,2.356523,-1.94374,-0.57058,'종로구'),(65,-0.39707,'이화동',-0.5307,0.823108,0.518803,-1.94374,-0.59796,'종로구'),(66,-0.37297,'연건동',-0.51287,-0.57215,-0.13169,-1.94374,-0.41998,'종로구'),(67,-0.45147,'충신동',-0.55803,-0.34729,1.186956,-1.94374,-0.58427,'종로구'),(68,-0.39087,'동숭동',-0.29064,-0.16547,0.191886,-1.94374,-0.22518,'종로구'),(69,-0.40328,'혜화동',-0.47247,-0.57215,-0.44511,-1.94374,-0.47475,'종로구'),(70,-0.42117,'명륜1가',-0.53664,-0.00241,-0.25501,-1.94374,-0.55689,'종로구'),(71,0.263195,'명륜2가',-0.37383,-0.57215,-0.9372,-1.94374,-0.55689,'종로구'),(72,-0.36677,'명륜4가',-0.32392,-0.57215,-0.74497,-1.94374,-0.59796,'종로구'),(73,-0.45147,'명륜3가',-0.46058,-0.57215,-0.02008,-1.94374,-0.48844,'종로구'),(74,-0.13677,'창신동',0.229664,-0.15812,0.883026,-1.94374,0.698342,'종로구'),(75,-0.17327,'숭인동',0.672521,0.534972,-0.48836,-1.94374,0.366638,'종로구'),(76,-0.40328,'교남동',-0.54734,-0.17777,0,-1.94374,-0.57058,'종로구'),(77,-0.45147,'평동',-0.55684,-0.31558,-2.02498,-1.94374,-0.5432,'종로구'),(78,-0.45147,'송월동',-0.59012,3.318328,0,-1.94374,-0.61165,'종로구'),(79,-0.45147,'홍파동',-0.57586,0.950152,-1.93156,-1.94374,-0.61165,'종로구'),(80,-0.45147,'교북동',-0.56041,-0.57215,-2.01424,-1.94374,-0.5432,'종로구'),(81,-0.42117,'행촌동',-0.56991,0.479394,0.740784,-1.94374,-0.57058,'종로구'),(82,-0.39707,'구기동',-0.53664,-0.56568,0.514201,-1.94374,-0.37891,'종로구'),(83,-0.32478,'평창동',-0.4998,-0.4596,0.128245,-1.94374,-0.13248,'종로구'),(84,-0.42737,'부암동',-0.51881,-0.56856,-0.14837,-1.94374,-0.50213,'종로구'),(85,-0.45147,'홍지동',-0.54377,-0.57215,2.633975,-1.94374,-0.36522,'종로구'),(86,-0.42737,'신영동',-0.56278,-0.57215,1.37225,-1.94374,-0.5432,'종로구'),(87,-0.42117,'무악동',-0.24094,-0.36693,-1.14112,-1.94374,-0.18411,'종로구'),(88,-0.40328,'무교동',-0.52119,-0.22461,0,-2.33294,-0.62534,'중구'),(89,-0.40328,'다동',-0.40116,0.452709,0,-2.33294,-0.62534,'중구'),(90,-0.37918,'태평로1가',-0.51406,-0.57215,0,-2.33294,-0.55689,'중구'),(91,-0.45147,'을지로1가',-0.54496,-0.57215,0,-2.33294,-0.1978,'중구'),(92,-0.39707,'을지로2가',-0.41424,-0.41374,0,-2.33294,-0.58427,'중구'),(93,-0.45147,'남대문로1가',-0.58536,-0.57215,0,-2.33294,-0.59796,'중구'),(94,-0.45147,'삼각동',-0.58655,1.026116,0,-2.33294,-0.61165,'중구'),(95,-0.42737,'수하동',-0.54734,-0.23581,0,-2.33294,-0.62534,'중구'),(96,-0.40328,'장교동',-0.56873,-0.47344,0,-2.33294,-0.62534,'중구'),(97,-0.40328,'수표동',-0.53783,-0.32193,0,-2.33294,-0.61165,'중구'),(98,-0.45147,'소공동',-0.19578,-0.57215,0,-2.33294,-0.59796,'중구'),(99,-0.34267,'남창동',-0.11259,1.040361,1.165159,-2.33294,-0.18411,'중구'),(100,-0.33647,'북창동',-0.43206,-0.57215,-0.21683,-2.33294,-0.62534,'중구'),(101,-0.37918,'태평로2가',-0.46415,-0.57215,0,-2.33294,0.216043,'중구'),(102,-0.05386,'남대문로2가',-0.27183,-0.57215,0,-2.33294,-0.5432,'중구'),(103,-0.45147,'남대문로3가',-0.55328,-0.57215,0,-2.33294,-0.57058,'중구'),(104,-0.40328,'남대문로4가',-0.52832,-0.57215,0,-2.33294,-0.59796,'중구'),(105,-0.32478,'남대문로5가',-0.35601,2.251137,-1.43468,-2.33294,-0.51582,'중구'),(106,-0.42737,'봉래동1가',-0.56278,-0.57215,0,-2.33294,-0.55689,'중구'),(107,-0.37195,'봉래동2가',0.304122,-0.57215,0,-2.33294,0.975283,'중구'),(108,-0.28279,'회현동1가',-0.13279,0.770741,-0.80347,-2.33294,-0.58427,'중구'),(109,-0.42737,'회현동2가',-0.55447,-0.57215,-0.99352,-2.33294,-0.58427,'중구'),(110,-0.45147,'회현동3가',-0.57823,-0.57215,-1.15374,-2.33294,-0.62534,'중구'),(111,0.049754,'충무로1가',0.085664,-0.57215,0,-2.33294,-0.59796,'중구'),(112,0.232894,'충무로2가',-0.47484,-0.57215,-1.83278,-2.33294,-0.22518,'중구'),(113,-0.40328,'명동1가',-0.52,-0.57215,0,-2.33294,-0.62534,'중구'),(114,-0.037,'명동2가',0.198561,-0.57215,0,-2.33294,-0.62534,'중구'),(115,-0.45147,'남산동1가',-0.56635,-0.57215,0.830139,-2.33294,-0.61165,'중구'),(116,-0.42737,'남산동2가',-0.52476,-0.57215,0.027457,-2.33294,-0.61165,'중구'),(117,-0.45147,'남산동3가',-0.5818,-0.57215,0,-2.33294,-0.62534,'중구'),(118,-0.42737,'저동1가',-0.5509,0.228265,0,-2.33294,-0.58427,'중구'),(119,0.34892,'충무로4가',-0.16963,-0.57215,-0.57961,-2.33294,-0.59796,'중구'),(120,-0.45147,'충무로5가',-0.53189,0.843443,-1.63301,-2.33294,-0.61165,'중구'),(121,-0.45147,'인현동2가',-0.52,0.048713,0.575828,-2.33294,-0.62534,'중구'),(122,-0.45147,'예관동',-0.57823,-0.57215,-1.46694,-2.33294,-0.61165,'중구'),(123,-0.45147,'묵정동',-0.57467,-0.57215,-1.36994,-2.33294,-0.61165,'중구'),(124,-0.45147,'필동1가',-0.52357,-0.57215,-0.06421,-2.33294,-0.57058,'중구'),(125,-0.18881,'필동2가',-0.42612,-0.57215,0.464319,-2.33294,0.1339,'중구'),(126,-0.45147,'필동3가',-0.51644,-0.57215,-0.42366,-2.33294,-0.62534,'중구'),(127,-0.45147,'남학동',-0.57586,-0.57215,0,-2.33294,-0.62534,'중구'),(128,-0.42117,'주자동',-0.59368,-0.57215,0,-2.33294,-0.62534,'중구'),(129,-0.42737,'예장동',-0.56873,-0.57215,0.179269,-2.33294,-0.58427,'중구'),(130,-0.39707,'장충동1가',-0.56278,-0.57215,-0.40848,-2.33294,-0.58427,'중구'),(131,-0.23906,'장충동2가',-0.44513,1.861671,0.255617,-2.33294,-0.11566,'중구'),(132,-0.39707,'광희동1가',-0.48673,0.111988,-0.27602,-2.33294,-0.62534,'중구'),(133,-0.45147,'광희동2가',-0.57348,-0.23425,-0.08394,-2.33294,-0.55689,'중구'),(134,-0.39707,'쌍림동',-0.54377,-0.45449,-0.26686,-2.33294,-0.59796,'중구'),(135,0.685924,'을지로6가',1.208073,-0.18415,-1.40272,-2.33294,-0.51582,'중구'),(136,-0.45147,'을지로7가',-0.57229,-0.57215,8.209693,-2.33294,0.506675,'중구'),(137,-0.42737,'을지로4가',-0.22786,-0.57215,-1.57995,-2.33294,0.174971,'중구'),(138,-0.42737,'을지로5가',-0.54734,2.186329,-0.47519,-2.33294,-0.59796,'중구'),(139,-0.42737,'주교동',-0.50693,-0.57215,0,-2.33294,-0.59796,'중구'),(140,-0.45147,'방산동',-0.58536,-0.41558,0,-2.33294,-0.58427,'중구'),(141,-0.42117,'오장동',-0.5307,-0.57215,-1.84826,-2.33294,-0.62534,'중구'),(142,-0.37918,'을지로3가',-0.40473,-0.57215,0,-2.33294,0.161281,'중구'),(143,-0.45147,'입정동',-0.56754,-0.57215,0,-2.33294,-0.61165,'중구'),(144,-0.45147,'산림동',-0.24926,-0.57215,0,-2.33294,-0.62534,'중구'),(145,-0.31858,'충무로3가',-0.45226,-0.57215,-1.4322,-2.33294,-0.61165,'중구'),(146,-0.15851,'초동',-0.46415,-0.57215,0,-2.33294,-0.62534,'중구'),(147,-0.40328,'인현동1가',-0.53664,-0.57215,0,-2.33294,-0.62534,'중구'),(148,-0.45147,'저동2가',-0.47366,-0.43236,-1.7971,-2.33294,-0.62534,'중구'),(149,0.854089,'신당동',1.813166,0.463164,-0.2647,-2.33294,1.827226,'중구'),(150,-0.35508,'흥인동',-0.19697,-0.46868,-1.58793,-2.33294,0.14759,'중구'),(151,-0.36057,'무학동',-0.53664,-0.57215,-1.43744,-2.33294,-0.61165,'중구'),(152,-0.22839,'황학동',0.367311,-0.48376,-1.20574,-2.33294,-0.5432,'중구'),(153,-0.37918,'서소문동',-0.42612,-0.5527,0,-2.33294,-0.57058,'중구'),(154,-0.32375,'정동',-0.49623,0.17386,-2.22409,-2.33294,-0.58427,'중구'),(155,-0.37918,'순화동',-0.47128,0.086528,-1.61664,-2.33294,-0.59796,'중구'),(156,-0.40328,'의주로1가',-0.59131,0.161955,-1.21824,-2.33294,-0.57058,'중구'),(157,-0.37195,'충정로1가',-0.58299,-0.57215,0,-2.33294,-0.61165,'중구'),(158,-0.34267,'중림동',-0.40354,0.236469,-0.19032,-2.33294,-0.51582,'중구'),(159,-0.45147,'의주로2가',-0.59368,6.934647,0,-2.33294,-0.62534,'중구'),(160,-0.42737,'만리동1가',-0.55803,2.942552,-0.81061,-2.33294,-0.61165,'중구'),(161,-0.42737,'만리동2가',-0.58418,3.04233,-1.81558,-2.33294,-0.58427,'중구'),(162,-0.39707,'후암동',-0.37621,-0.54372,0.292813,-0.91524,-0.36522,'용산구'),(163,-0.39707,'용산동2가',-0.29777,-0.54917,1.264689,-0.91524,-0.26939,'용산구'),(164,-0.45147,'용산동4가',-0.59606,-0.57215,0,-0.91524,-0.21149,'용산구'),(165,-0.37297,'갈월동',-0.46771,-0.57215,0.179438,-0.91524,0.243424,'용산구'),(166,-0.20978,'남영동',-0.12923,-0.57215,-0.25837,-0.91524,-0.58427,'용산구'),(167,-0.45147,'용산동1가',-0.59368,-0.57215,0,-0.91524,-0.58427,'용산구'),(168,-0.33647,'동자동',-0.39522,-0.41114,-0.64511,-0.91524,-0.5432,'용산구'),(169,-0.42737,'서계동',-0.17795,-0.24193,1.435481,-0.91524,-0.51582,'용산구'),(170,-0.42737,'청파동1가',-0.54971,-0.57215,0.564194,-0.91524,-0.58427,'용산구'),(171,-0.39707,'청파동2가',-0.47128,-0.57215,-0.45756,-0.91524,-0.48844,'용산구'),(172,-0.39707,'청파동3가',-0.46177,-0.05337,-0.91457,-0.91524,-0.58427,'용산구'),(173,-0.30068,'원효로1가',-0.45702,-0.53224,-1.04816,-0.91524,-0.48844,'용산구'),(174,-0.36057,'원효로2가',-0.47722,-0.57215,-0.64428,-0.91524,-0.55689,'용산구'),(175,-0.45147,'신창동',-0.59131,-0.4915,0.46264,-0.91524,-0.57058,'용산구'),(176,-0.42117,'산천동',-0.59012,-0.57215,-0.4704,-0.91524,-0.59796,'용산구'),(177,-0.45147,'청암동',-0.59249,-0.46071,-0.50231,-0.91524,-0.57058,'용산구'),(178,-0.29997,'원효로3가',-0.22668,-0.38368,-0.81355,-0.91524,-0.57058,'용산구'),(179,-0.39707,'원효로4가',-0.56754,-0.57215,-0.25871,-0.91524,-0.50213,'용산구'),(180,-0.42737,'효창동',-0.5402,-0.12836,-0.8944,-0.91524,0.311876,'용산구'),(181,-0.45147,'도원동',-0.5818,-0.23371,0.05593,-0.91524,-0.5432,'용산구'),(182,-0.36057,'용문동',-0.48792,-0.48643,-0.79115,-0.91524,-0.47475,'용산구'),(183,-0.42737,'문배동',-0.56873,0.088123,-1.47702,-0.91524,-0.5432,'용산구'),(184,-0.39087,'신계동',-0.53189,1.79535,-0.92888,-0.91524,-0.58427,'용산구'),(185,-0.33027,'한강로1가',-0.42255,-0.39975,-0.17449,-0.91524,0.188662,'용산구'),(186,-0.39707,'한강로2가',1.306709,-0.27187,0.08762,-0.91524,-0.10197,'용산구'),(187,-0.45147,'용산동3가',-0.56397,-0.57215,0.330617,-0.91524,-0.61165,'용산구'),(188,-0.42737,'용산동5가',-0.57348,-0.10327,-1.83492,-0.91524,0.161281,'용산구'),(189,1.980309,'한강로3가',2.175991,-0.49283,-0.69777,-0.91524,0.4214,'용산구'),(190,-0.30689,'이촌동',-0.06268,-0.50334,-1.10115,-0.91524,-0.20094,'용산구'),(191,-0.08309,'이태원동',1.217007,-0.47022,0.190954,-0.91524,0.212911,'용산구'),(192,0.417467,'한남동',0.611135,-0.46266,0.060352,-0.91524,0.654139,'용산구'),(193,-0.40328,'동빙고동',-0.55922,-0.57215,1.930747,-0.91524,-0.5432,'용산구'),(194,-0.42737,'서빙고동',-0.58418,-0.57215,-0.3514,-0.91524,-0.07459,'용산구'),(195,-0.45147,'주성동',-0.59487,-0.57215,1.747099,-0.91524,-0.62534,'용산구'),(196,-0.45147,'용산동6가',0.308875,-0.57215,0,-0.91524,-0.5432,'용산구'),(197,-0.23388,'보광동',-0.07456,-0.54589,1.790887,-0.91524,-0.47475,'용산구'),(198,-0.42737,'상왕십리동',-0.52832,0.248368,-1.40958,0.565081,-0.55689,'성동구'),(199,-0.22839,'하왕십리동',-0.37383,0.437326,-1.03899,0.565081,0.117078,'성동구'),(200,-0.36677,'홍익동',-0.47722,-0.46497,-0.2571,0.565081,-0.58427,'성동구'),(201,-0.19189,'도선동',-0.4178,-0.3839,-0.96253,0.565081,-0.57058,'성동구'),(202,-0.31237,'마장동',-0.08882,-0.45228,-0.04013,0.565081,0.144459,'성동구'),(203,-0.45147,'사근동',-0.54377,-0.55761,-0.24228,0.565081,0.021244,'성동구'),(204,0.911822,'행당동',1.602616,0.111628,-0.77445,0.565081,2.555954,'성동구'),(205,-0.45147,'응봉동',-0.56397,0.444006,-0.11224,0.565081,0.17184,'성동구'),(206,-0.31858,'금호동1가',-0.22549,1.695868,-0.86833,0.565081,0.253983,'성동구'),(207,-0.36677,'금호동2가',-0.48792,2.738981,-0.88697,0.565081,-0.37891,'성동구'),(208,-0.33647,'금호동3가',0.130823,0.907178,-0.01992,0.565081,-0.28308,'성동구'),(209,-0.25797,'금호동4가',-0.47841,0.094243,-0.73367,0.565081,0.130768,'성동구'),(210,-0.1258,'옥수동',-0.14824,0.674132,-0.93685,0.565081,0.722591,'성동구'),(211,0.782055,'성수동1가',0.576672,0.195003,-0.42653,0.565081,0.749972,'성동구'),(212,0.612399,'성수동2가',1.485377,-0.45015,0.055252,0.565081,0.44565,'성동구'),(213,-0.27587,'송정동',-0.50812,-0.56021,0.52757,0.565081,-0.46105,'성동구'),(214,-0.16707,'용답동',-0.06743,-0.45775,-0.33179,0.565081,0.65727,'성동구'),(215,1.447702,'중곡동',1.332075,-0.44734,0.660679,-0.33392,0.938508,'광진구'),(216,0.069133,'능동',-0.438,9.726823,-0.38789,-0.33392,0.64358,'광진구'),(217,2.568894,'구의동',2.532712,-0.19134,-0.12512,-0.33392,0.900568,'광진구'),(218,-0.08309,'광장동',-0.09833,-0.24308,-0.9281,-0.33392,0.240292,'광진구'),(219,2.736808,'자양동',2.683637,-0.51362,-0.02568,-0.33392,0.900568,'광진구'),(220,0.886134,'화양동',1.070835,-0.47237,-0.79492,-0.33392,0.352948,'광진구'),(221,1.019593,'군자동',0.081116,-0.53074,0.041142,-0.33392,-0.28308,'광진구'),(222,-0.20358,'신설동',-0.02584,-0.26714,-1.26992,-0.16976,0.629889,'동대문구'),(223,-0.12508,'용두동',0.427919,-0.2578,-0.49146,-0.16976,0.503543,'동대문구'),(224,-0.08309,'제기동',1.161931,-0.46633,0.175893,-0.16976,0.130768,'동대문구'),(225,0.734886,'전농동',0.861474,-0.39491,0.341413,-0.16976,1.522903,'동대문구'),(226,0.067698,'답십리동',0.167868,0.873706,-0.31391,-0.16976,-0.06403,'동대문구'),(227,1.361825,'장안동',2.060145,-0.15194,0.124546,-0.16976,0.182399,'동대문구'),(228,-0.10098,'청량리동',0.003871,-0.25035,1.800468,-0.16976,-0.29677,'동대문구'),(229,-0.08929,'회기동',0.148854,-0.56184,-0.06141,-0.16976,-0.50213,'동대문구'),(230,-0.1017,'휘경동',0.015754,0.158583,-0.11057,-0.16976,0.91739,'동대문구'),(231,-0.06448,'이문동',1.06686,-0.47863,0.391203,-0.16976,0.626758,'동대문구'),(232,1.775528,'면목동',1.408542,0.633023,1.501951,-0.09503,2.204297,'중랑구'),(233,2.168521,'상봉동',0.451892,-0.16609,-0.17909,-0.09503,-0.62534,'중랑구'),(234,0.141425,'중화동',-0.09931,0.06902,1.869854,-0.09503,1.067985,'중랑구'),(235,0.989702,'묵동',-0.09931,0.689427,0.955571,-0.09503,0.431959,'중랑구'),(236,0.383833,'망우동',0.311662,0.329966,2.147481,-0.09503,1.410248,'중랑구'),(237,0.098717,'신내동',0.095376,1.120031,0.93862,-0.09503,0.692079,'중랑구'),(238,-0.36677,'성북동',-0.48673,-0.20957,0.399887,2.114923,-0.14617,'성북구'),(239,-0.42737,'성북동1가',-0.54377,-0.57215,0.111994,2.114923,-0.52951,'성북구'),(240,-0.14061,'돈암동',0.082099,0.993681,0.282222,2.114923,0.004422,'성북구'),(241,-0.40328,'동소문동1가',-0.56516,0.642255,0.162031,2.114923,-0.59796,'성북구'),(242,-0.37297,'동소문동2가',-0.5105,-0.57215,1.278935,2.114923,-0.58427,'성북구'),(243,-0.39707,'동소문동3가',-0.58061,-0.57215,-0.10902,2.114923,-0.59796,'성북구'),(244,-0.40328,'동소문동4가',-0.57348,-0.57215,-0.53354,2.114923,-0.59796,'성북구'),(245,-0.37297,'동소문동5가',-0.20053,-0.57215,-1.38319,2.114923,0.14759,'성북구'),(246,-0.37297,'동소문동6가',-0.56635,-0.57215,-1.06715,2.114923,-0.59796,'성북구'),(247,-0.45147,'동소문동7가',-0.57823,-0.44702,0.023474,2.114923,-0.58427,'성북구'),(248,-0.45147,'삼선동1가',-0.26352,-0.57215,1.246883,2.114923,-0.18411,'성북구'),(249,-0.42117,'삼선동2가',-0.5105,-0.19385,0.141951,2.114923,-0.44736,'성북구'),(250,-0.45147,'삼선동3가',-0.58536,-0.42906,1.035439,2.114923,-0.52951,'성북구'),(251,-0.45147,'삼선동4가',-0.52832,-0.57215,-0.08523,2.114923,-0.58427,'성북구'),(252,-0.39707,'삼선동5가',-0.51287,-0.57215,0.514001,2.114923,-0.55689,'성북구'),(253,0.296623,'동선동1가',0.027638,-0.57215,-0.93116,2.114923,-0.59796,'성북구'),(254,-0.39707,'동선동2가',-0.45583,-0.57215,-0.07774,2.114923,-0.5432,'성북구'),(255,-0.45147,'동선동3가',-0.54971,-0.57215,0.203091,2.114923,-0.62534,'성북구'),(256,-0.42117,'동선동4가',-0.5402,-0.57215,0.127339,2.114923,-0.59796,'성북구'),(257,-0.42737,'동선동5가',-0.55922,-0.57215,-0.02641,2.114923,-0.61165,'성북구'),(258,-0.42737,'안암동1가',-0.5616,0.069782,0.043932,2.114923,-0.57058,'성북구'),(259,-0.45147,'안암동2가',-0.57348,-0.29208,-0.03577,2.114923,-0.5432,'성북구'),(260,-0.45147,'안암동3가',-0.5818,-0.57215,1.012821,2.114923,-0.62534,'성북구'),(261,-0.42737,'안암동4가',-0.58893,-0.57215,0.649515,2.114923,-0.61165,'성북구'),(262,-0.09478,'안암동5가',-0.19914,-0.57215,-0.2173,2.114923,0.021244,'성북구'),(263,-0.42737,'보문동4가',-0.56754,-0.57215,0.01659,2.114923,-0.61165,'성북구'),(264,-0.45147,'보문동5가',-0.56991,-0.57215,0.810209,2.114923,-0.61165,'성북구'),(265,-0.45147,'보문동6가',-0.58655,0.065904,0.484812,2.114923,-0.62534,'성북구'),(266,-0.39707,'보문동7가',-0.2445,-0.145,0.033369,2.114923,-0.59796,'성북구'),(267,-0.37918,'보문동1가',-0.57348,-0.57215,-0.36519,2.114923,0.174971,'성북구'),(268,-0.45147,'보문동2가',-0.57348,-0.57215,0.322275,2.114923,-0.61165,'성북구'),(269,-0.45147,'보문동3가',-0.59606,0.589364,-0.42896,2.114923,-0.61165,'성북구'),(270,0.129018,'정릉동',0.311662,-0.45103,0.840051,2.114923,1.941046,'성북구'),(271,-0.17399,'길음동',1.737682,-0.09013,-0.53954,2.114923,0.281364,'성북구'),(272,-0.10098,'종암동',0.034769,-0.34502,0.576926,2.114923,0.155018,'성북구'),(273,-0.02869,'하월곡동',0.191635,0.622813,0.470617,2.114923,0.486721,'성북구'),(274,-0.42737,'상월곡동',-0.51287,4.159494,0.580495,2.114923,-0.10197,'성북구'),(275,-0.17948,'장위동',0.383949,-0.1278,1.203499,2.114923,1.102794,'성북구'),(276,-0.15538,'석관동',0.115579,-0.48039,0.771282,2.114923,0.530924,'성북구'),(277,1.82844,'미아동',3.485592,0.030311,1.847377,0.078136,3.292109,'강북구'),(278,0.709455,'번동',-0.07911,4.797448,1.602468,0.078136,1.089103,'강북구'),(279,2.255732,'수유동',2.922707,-0.53677,1.752695,0.078136,2.091641,'강북구'),(280,-0.26966,'우이동',-0.38928,-0.49445,1.683152,0.078136,0.712032,'강북구'),(281,0.272884,'쌍문동',0.26175,-0.01073,1.499492,1.324962,0.661566,'도봉구'),(282,1.381154,'방학동',1.043297,-0.12347,1.686492,1.324962,0.815293,'도봉구'),(283,1.329473,'창동',1.5232,0.596251,0.873128,1.324962,2.053701,'도봉구'),(284,0.026425,'도봉동',0.531308,-0.34916,1.579272,1.324962,1.615605,'도봉구'),(285,0.237814,'월계동',0.229664,-0.17613,0.418121,1.013549,1.944177,'노원구'),(286,1.000108,'공릉동',0.906838,-0.33104,0.116994,1.013549,2.330643,'노원구'),(287,-0.34888,'하계동',-0.08288,0.205898,0.097593,1.013549,0.500412,'노원구'),(288,3.753917,'상계동',3.197224,-0.17328,0.906775,1.013549,4.226194,'노원구'),(289,1.317733,'중계동',1.538444,0.128817,0.080152,1.013549,0.774222,'노원구'),(290,-0.36057,'수색동',-0.20647,-0.5179,0.826983,1.078965,-0.00614,'은평구'),(291,-0.06345,'녹번동',-0.28233,-0.1368,0.716452,1.078965,0.435091,'은평구'),(292,0.134504,'불광동',1.401779,-0.31454,1.250609,1.078965,0.609936,'은평구'),(293,0.667515,'갈현동',0.225115,-0.47513,1.359316,1.078965,1.4787,'은평구'),(294,-0.34888,'구산동',-0.15894,-0.37328,0.942454,1.078965,-0.15986,'은평구'),(295,0.802,'대조동',0.490903,-0.46671,0.253977,1.078965,0.476162,'은평구'),(296,0.798973,'응암동',0.8391,-0.24677,0.856248,1.078965,0.49728,'은평구'),(297,0.195106,'역촌동',0.470701,-0.48153,1.057422,1.078965,0.072875,'은평구'),(298,3.145744,'신사동',2.988684,-0.21719,0.571182,1.078965,1.506081,'은평구'),(299,-0.25797,'증산동',-0.42968,-0.4934,1.492172,1.078965,-0.08828,'은평구'),(300,0.377478,'진관동',-0.01514,0.075824,0.325308,1.078965,0.582555,'은평구'),(301,-0.36677,'충정로2가',-0.47484,-0.57215,-0.6523,0.574097,-0.10197,'서대문구'),(302,-0.33647,'충정로3가',-0.42374,-0.51627,0.597581,0.574097,0.366638,'서대문구'),(303,-0.45147,'합동',-0.5711,-0.39609,-1.15125,0.574097,-0.62534,'서대문구'),(304,-0.42737,'미근동',-0.50931,-0.57215,0.269298,0.574097,-0.59796,'서대문구'),(305,-0.45147,'냉천동',-0.49505,-0.20751,0.107157,0.574097,-0.5432,'서대문구'),(306,-0.45147,'천연동',-0.56635,-0.57215,-0.28072,0.574097,-0.51582,'서대문구'),(307,-0.45147,'옥천동',-0.57348,0.817779,0.647897,0.574097,-0.62534,'서대문구'),(308,-0.34267,'영천동',-0.56278,0.261612,-0.66958,0.574097,-0.51582,'서대문구'),(309,-0.42737,'현저동',-0.59131,4.226219,-0.92295,0.574097,-0.41998,'서대문구'),(310,-0.31237,'북아현동',-0.43325,-0.08699,0.045032,0.574097,-0.26939,'서대문구'),(311,0.261912,'홍제동',1.1548,0.083366,0.636185,0.574097,1.146997,'서대문구'),(312,-0.15953,'대현동',0.018131,-0.41653,-1.55263,0.574097,-0.46105,'서대문구'),(313,-0.26833,'대신동',-0.54139,-0.57215,-0.23976,0.574097,-0.47475,'서대문구'),(314,0.184699,'신촌동',-0.27778,-0.45609,-0.46978,0.574097,-0.57058,'서대문구'),(315,-0.45147,'봉원동',-0.59487,-0.53941,3.946576,0.574097,-0.59796,'서대문구'),(316,0.869831,'창천동',0.973388,-0.2725,-0.55282,0.574097,0.40771,'서대문구'),(317,-0.05248,'연희동',0.150042,-0.30025,0.074675,0.574097,0.141327,'서대문구'),(318,-0.30068,'홍은동',0.425542,-0.29438,1.139785,0.574097,0.702638,'서대문구'),(319,-0.02249,'북가좌동',0.021696,-0.16411,0.718999,0.574097,-0.02296,'서대문구'),(320,-0.07689,'남가좌동',1.358998,0.122294,-0.3717,0.574097,0.322435,'서대문구'),(321,-0.30689,'아현동',-0.40592,0.046587,-0.79388,-0.21707,0.4214,'마포구'),(322,-0.11339,'공덕동',0.76165,-0.2723,-0.62299,-0.21707,1.15326,'마포구'),(323,-0.37297,'신공덕동',-0.22905,-0.34681,-1.10828,-0.21707,-0.50213,'마포구'),(324,0.025707,'도화동',0.276011,-0.36457,-0.56904,-0.21707,0.267673,'마포구'),(325,-0.17327,'용강동',-0.40116,-0.22666,-0.93856,-0.21707,-0.51582,'마포구'),(326,-0.45147,'토정동',-0.59249,-0.57215,-1.3493,-0.21707,-0.59796,'마포구'),(327,-0.45147,'마포동',-0.54139,-0.39436,-0.59517,-0.21707,-0.59796,'마포구'),(328,-0.26418,'대흥동',-0.36076,-0.34785,-0.81129,-0.21707,0.448781,'마포구'),(329,-0.32478,'염리동',-0.12448,-0.53527,-1.11511,-0.21707,-0.46105,'마포구'),(330,-0.13128,'노고산동',-0.09239,-0.42124,-0.94019,-0.21707,-0.0609,'마포구'),(331,-0.37918,'신수동',0.193807,-0.39113,-0.67255,-0.21707,-0.28308,'마포구'),(332,-0.45147,'현석동',-0.58536,0.187061,-0.91176,-0.21707,-0.62534,'마포구'),(333,-0.40328,'구수동',-0.2647,-0.57215,0.991527,-0.21707,-0.55689,'마포구'),(334,-0.24628,'창전동',-0.12804,0.024747,-0.56216,-0.21707,0.212911,'마포구'),(335,-0.37918,'상수동',-0.19676,-0.30765,-0.56697,-0.21707,-0.00614,'마포구'),(336,-0.45147,'하중동',-0.59249,-0.57215,-1.56791,-0.21707,-0.57058,'마포구'),(337,1.820134,'신정동',1.836933,-0.53155,0.470732,-0.21707,2.751916,'마포구'),(338,-0.45147,'당인동',-0.58418,-0.55378,0.254303,-0.21707,-0.61165,'마포구'),(339,1.075375,'서교동',2.52046,-0.37259,-0.41224,-0.21707,0.541483,'마포구'),(340,1.801322,'동교동',1.279581,-0.36285,-0.35258,-0.21707,0.739413,'마포구'),(341,-0.03489,'합정동',0.329488,-0.54263,-0.42078,-0.21707,0.517234,'마포구'),(342,0.098717,'망원동',0.222739,-0.50111,-0.33066,-0.21707,0.100256,'마포구'),(343,-0.29448,'연남동',0.91278,-0.51167,-0.4219,-0.21707,-0.32415,'마포구'),(344,0.662902,'성산동',0.475454,1.897251,-0.71364,-0.21707,0.95533,'마포구'),(345,-0.42737,'중동',-0.54496,-0.40196,0.035361,-0.21707,-0.51582,'마포구'),(346,0.079388,'상암동',0.145493,4.816795,0.130158,-0.21707,1.711439,'마포구'),(347,1.820134,'신정동',1.836933,1.774106,0.470732,1.064411,2.751916,'양천구'),(348,3.242133,'목동',2.554308,0.97651,-0.49996,1.064411,2.443298,'양천구'),(349,0.649621,'신월동',0.794147,1.306699,1.506479,1.064411,0.469899,'양천구'),(350,0.091795,'염창동',0.222328,-0.52378,-1.06146,0.746124,-0.11879,'강서구'),(351,1.905349,'등촌동',0.438819,-0.09076,-0.57962,0.746124,1.146997,'강서구'),(352,3.453161,'화곡동',2.607417,0.443666,0.064758,0.746124,3.453263,'강서구'),(353,0.079388,'가양동',0.814922,1.034772,-0.35793,0.746124,0.349816,'강서구'),(354,1.629203,'마곡동',1.234832,1.743831,-0.91164,0.746124,1.46501,'강서구'),(355,0.000892,'내발산동',0.34592,3.132573,1.030637,0.746124,0.390888,'강서구'),(356,-0.45147,'외발산동',-0.56397,-0.30448,-0.24148,0.746124,-0.35153,'강서구'),(357,-0.17327,'공항동',-0.22528,-0.43017,0.625307,0.746124,0.667829,'강서구'),(358,1.371824,'방화동',0.485167,0.177924,0.38359,0.746124,3.024562,'강서구'),(359,-0.45147,'개화동',-0.59249,-0.56191,3.381075,0.746124,-0.11566,'강서구'),(360,-0.45147,'과해동',-0.59487,-0.57215,0,0.746124,-0.58427,'강서구'),(361,-0.45147,'오곡동',-0.59249,-0.57215,0,0.746124,-0.59796,'강서구'),(362,-0.45147,'오쇠동',-0.59487,-0.57215,0,0.746124,-0.59796,'강서구'),(363,0.260118,'신도림동',0.260357,-0.41895,-0.84946,-0.21545,1.054295,'구로구'),(364,3.622767,'구로동',5.173672,-0.4201,0.241885,-0.21545,2.974096,'구로구'),(365,0.027142,'가리봉동',-0.34293,-0.56042,0.407522,-0.21545,-0.50213,'구로구'),(366,0.292213,'고척동',2.328104,1.736743,1.648176,-0.21545,0.319304,'구로구'),(367,0.292521,'개봉동',0.587163,0.942577,1.061089,-0.21545,0.938508,'구로구'),(368,-0.02249,'오류동',0.071608,-0.29975,0.647164,-0.21545,0.363507,'구로구'),(369,-0.36057,'궁동',-0.5307,-0.17894,1.874876,-0.21545,-0.20094,'구로구'),(370,-0.28207,'온수동',-0.52832,-0.19396,1.351144,-0.21545,0.325567,'구로구'),(371,-0.40328,'천왕동',-0.56516,1.260105,2.795913,-0.21545,0.144459,'구로구'),(372,-0.35508,'항동',-0.54258,0.829942,-0.18169,-0.21545,-0.21463,'구로구'),(373,0.828506,'가산동',1.910408,-0.54369,-1.04073,-0.48609,1.930487,'금천구'),(374,1.81188,'독산동',3.631353,0.15441,0.188953,-0.48609,0.880614,'금천구'),(375,1.0724,'시흥동',2.48993,-0.31966,1.49352,-0.48609,1.650414,'금천구'),(376,0.213975,'영등포동',-0.3976,2.120725,-0.35405,-1.05775,-0.0609,'영등포구'),(377,-0.42737,'영등포동1가',-0.5616,-0.57215,-1.61087,-1.05775,-0.61165,'영등포구'),(378,-0.39707,'영등포동2가',-0.53189,-0.16416,-1.38048,-1.05775,-0.55689,'영등포구'),(379,-0.29997,'영등포동3가',-0.28946,-0.57215,-1.60834,-1.05775,-0.5432,'영등포구'),(380,0.605377,'영등포동4가',0.183112,-0.57215,-1.53965,-1.05775,-0.51582,'영등포구'),(381,-0.30617,'영등포동5가',0.120127,-0.57215,-0.75889,-1.05775,-0.22518,'영등포구'),(382,-0.33027,'영등포동6가',-0.51287,-0.57215,-1.37417,-1.05775,-0.58427,'영등포구'),(383,-0.37918,'영등포동7가',-0.44989,-0.37011,-1.01346,-1.05775,-0.50213,'영등포구'),(384,-0.35508,'영등포동8가',-0.2243,-0.35612,-1.33889,-1.05775,-0.52951,'영등포구'),(385,1.066352,'여의도동',2.194843,0.015231,-0.88736,-1.05775,2.032583,'영등포구'),(386,-0.40328,'당산동1가',-0.4285,-0.52918,-0.35788,-1.05775,-0.55689,'영등포구'),(387,-0.45147,'당산동2가',-0.19697,-0.57215,-0.7695,-1.05775,-0.5432,'영등포구'),(388,-0.09478,'당산동3가',-0.23717,0.02862,-0.43207,-1.05775,0.188662,'영등포구'),(389,-0.24008,'당산동4가',-0.47009,-0.38801,-0.98494,-1.05775,-0.5432,'영등포구'),(390,-0.16159,'당산동5가',-0.20647,-0.18643,-1.27532,-1.05775,-0.36522,'영등포구'),(391,-0.30068,'당산동6가',-0.43682,-0.37954,-0.66575,-1.05775,0.188662,'영등포구'),(392,-0.42737,'당산동',-0.55209,0.317428,-1.33464,-1.05775,-0.3926,'영등포구'),(393,-0.32478,'도림동',-0.11853,-0.3274,0.765765,-1.05775,-0.29677,'영등포구'),(394,-0.45147,'문래동1가',-0.56041,-0.57215,1.639443,-1.05775,-0.58427,'영등포구'),(395,-0.45147,'문래동2가',-0.46415,-0.57215,0.611687,-1.05775,-0.58427,'영등포구'),(396,-0.1258,'문래동3가',0.629739,0.269777,-0.91449,-1.05775,0.021244,'영등포구'),(397,-0.42117,'문래동4가',-0.52,-0.32564,-0.13985,-1.05775,-0.59796,'영등포구'),(398,-0.42737,'문래동5가',-0.57348,-0.47545,-0.63696,-1.05775,-0.5432,'영등포구'),(399,-0.37918,'문래동6가',-0.52832,-0.45358,-0.75476,-1.05775,-0.51582,'영등포구'),(400,-0.42737,'양평동1가',0.14746,-0.44813,-0.86796,-1.05775,-0.48844,'영등포구'),(401,-0.40328,'양평동2가',-0.47603,-0.55584,-0.91758,-1.05775,-0.5432,'영등포구'),(402,-0.32478,'양평동3가',0.083287,0.419756,-1.10167,-1.05775,-0.44736,'영등포구'),(403,-0.22767,'양평동4가',-0.32392,-0.46746,-0.91631,-1.05775,-0.51582,'영등포구'),(404,-0.37918,'양평동5가',-0.52238,-0.57215,-1.30369,-1.05775,-0.17042,'영등포구'),(405,-0.45147,'양평동6가',-0.57586,-0.57215,-1.0703,-1.05775,-0.57058,'영등포구'),(406,-0.45147,'양화동',-0.59368,0.321495,0,-1.05775,-0.5432,'영등포구'),(407,0.829274,'신길동',1.296423,-0.14613,0.579987,-1.05775,2.80981,'영등포구'),(408,0.881057,'대림동',1.069647,-0.30581,0.759672,-1.05775,1.023782,'영등포구'),(409,-0.45147,'양평동',-0.59606,-0.57215,0,-1.05775,-0.62534,'영등포구'),(410,0.080105,'노량진동',0.276011,0.069125,0.365966,0.507831,0.640448,'동작구'),(411,0.430593,'상도동',1.372275,0.474926,-0.00167,0.507831,1.913665,'동작구'),(412,-0.34888,'상도1동',-0.46177,-0.27839,-0.57405,0.507831,-0.03352,'동작구'),(413,-0.42737,'본동',-0.56754,0.284366,0.10633,0.507831,0.103387,'동작구'),(414,-0.24008,'흑석동',0.110825,0.381505,-0.17077,0.507831,0.431959,'동작구'),(415,-0.42737,'동작동',-0.59012,-0.1572,-1.35989,0.507831,0.339257,'동작구'),(416,1.333985,'사당동',1.143327,-0.20852,-0.36491,0.507831,-0.62534,'동작구'),(417,-0.017,'대방동',0.256791,0.896403,-0.2431,0.507831,0.804734,'동작구'),(418,0.502834,'신대방동',-0.19676,4.400357,0.17205,0.507831,-0.06403,'동작구'),(419,3.026793,'봉천동',4.635743,0.263828,-0.14349,-0.4363,3.367989,'관악구'),(420,4.120707,'신림동',2.868862,-0.28727,0.375505,-0.4363,3.857715,'관악구'),(421,-0.23388,'남현동',-0.06387,-0.53806,-0.61466,-0.4363,-0.5432,'관악구'),(422,1.376591,'방배동',0.675513,-0.45177,-0.87335,-0.55705,3.415323,'서초구'),(423,0.909205,'양재동',0.769191,1.471516,-0.64899,-0.55705,1.451319,'서초구'),(424,-0.27659,'우면동',-0.50812,0.222594,0.117978,-0.55705,-0.1051,'서초구'),(425,-0.45147,'원지동',-0.5616,-0.57003,0.008729,-0.55705,-0.52951,'서초구'),(426,0.388602,'잠원동',0.518236,-0.31052,-1.40648,-0.55705,0.267673,'서초구'),(427,1.07394,'반포동',1.081326,-0.13977,-1.40046,-0.55705,3.093015,'서초구'),(428,4.046007,'서초동',1.995604,-0.31378,-1.37893,-0.55705,4.10298,'서초구'),(429,-0.45147,'내곡동',-0.56397,-0.4227,0.463306,-0.55705,-0.26939,'서초구'),(430,-0.45147,'염곡동',-0.59249,-0.53712,-0.35351,-0.55705,-0.44736,'서초구'),(431,-0.45147,'신원동',-0.54615,0.093009,-0.54961,-0.55705,0.076006,'서초구'),(432,4.343123,'역삼동',3.92632,-0.25572,-1.42458,-1.19393,1.46501,'강남구'),(433,0.049804,'개포동',0.473078,1.182382,-1.37953,-1.19393,1.533462,'강남구'),(434,1.206474,'청담동',1.152834,0.0352,-1.45135,-1.19393,0.089697,'강남구'),(435,3.238598,'삼성동',1.746821,0.977289,-1.32187,-1.19393,2.750752,'강남구'),(436,1.279484,'대치동',2.803869,-0.1742,-1.44221,-1.19393,2.514882,'강남구'),(437,3.145744,'신사동',2.987496,-0.16596,0.569887,-1.19393,1.506081,'강남구'),(438,3.456189,'논현동',2.715355,-0.27983,-0.89028,-1.19393,1.095366,'강남구'),(439,-0.40328,'압구정동',0.704402,-0.22534,-1.54685,-1.19393,-0.3926,'강남구'),(440,-0.37297,'세곡동',-0.50693,-0.06628,0.192907,-1.19393,-0.15986,'강남구'),(441,-0.42737,'자곡동',-0.50931,0.747423,-0.973,-1.19393,-0.3926,'강남구'),(442,-0.42737,'율현동',-0.56397,0.592814,-0.31858,-1.19393,-0.46105,'강남구'),(443,-0.04038,'일원동',-0.03653,0.166245,-1.28218,-1.19393,0.68152,'강남구'),(444,-0.23388,'수서동',-0.3667,0.376624,-1.45678,-1.19393,0.489853,'강남구'),(445,0.877009,'도곡동',0.285518,-0.11902,-1.69543,-1.19393,1.067985,'강남구'),(446,1.384947,'잠실동',2.080347,0.471366,-1.24343,0.477422,1.067985,'송파구'),(447,1.610235,'신천동',1.329288,0.112884,-1.68443,0.477422,1.15326,'송파구'),(448,-0.09478,'풍납동',-0.03772,-0.36271,0.148879,0.477422,-0.18724,'송파구'),(449,0.513857,'송파동',0.093205,0.199953,-0.72713,0.477422,0.380329,'송파구'),(450,0.527699,'석촌동',0.688175,0.512329,-0.54756,0.477422,-0.3926,'송파구'),(451,0.309388,'삼전동',0.079927,-0.27456,-0.27988,0.477422,-0.46105,'송파구'),(452,2.000042,'가락동',1.374857,0.237534,-1.11533,0.477422,1.70088,'송파구'),(453,2.289214,'문정동',1.677895,0.76537,-1.12881,0.477422,0.404578,'송파구'),(454,-0.25869,'장지동',-0.40711,0.87491,0.19188,0.477422,1.150128,'송파구'),(455,1.180479,'방이동',0.794147,2.034041,-0.94114,0.477422,1.109057,'송파구'),(456,0.049804,'오금동',0.329283,2.785211,-0.161,0.477422,0.93108,'송파구'),(457,0.207513,'거여동',-0.31679,0.213022,0.795358,0.477422,0.308745,'송파구'),(458,-0.06996,'마천동',0.383949,2.771973,2.031628,0.477422,0.130768,'송파구'),(459,0.473301,'명일동',0.44218,0.243274,-0.57809,0.408768,0.602508,'강동구'),(460,-0.15538,'고덕동',-0.35006,1.054248,-0.32971,0.408768,-0.32415,'강동구'),(461,-0.14918,'상일동',-0.38453,1.634867,0.609035,0.408768,0.007554,'강동구'),(462,0.679205,'길동',1.297407,0.329111,-0.14698,0.408768,-0.12935,'강동구'),(463,0.014017,'둔촌동',-0.36789,0.734218,-0.21038,0.408768,-0.21149,'강동구'),(464,0.600709,'암사동',-0.1112,-0.46105,-0.06157,0.408768,-0.12935,'강동구'),(465,2.697586,'성내동',1.472304,-0.3846,-0.07744,0.408768,1.002664,'강동구'),(466,1.120545,'천호동',2.10768,-0.31098,0.0964,0.408768,-0.52951,'강동구'),(467,-0.34888,'강일동',-0.52713,0.520277,2.322553,0.408768,-0.59796,'강동구');
INSERT INTO `dong` VALUES (1,0,'청운동',0.002615234,0.054089299,0.13925338,0.087502,0.012820513,'종로구'),(2,0,'신교동',0.001797973,0.074706217,0.185470284,0.087502,0,'종로구'),(3,0,'궁정동',0.000490356,0,0.151615499,0.087502,0.001831502,'종로구'),(4,0,'효자동',0.002615234,0,0.233460483,0.087502,0.003663004,'종로구'),(5,0,'창성동',0.003759398,0,0.181804811,0.087502,0.003663004,'종로구'),(6,0.002777778,'통의동',0.012258908,0,0.120668006,0.087502,0.007326007,'종로구'),(7,0.006997187,'적선동',0.013239621,0,0.21316226,0.087502,0.071428571,'종로구'),(8,0.004219409,'통인동',0.013729977,0,0.289978336,0.087502,0.005494505,'종로구'),(9,0,'누상동',0.00310559,0,0.225361637,0.087502,0.001831502,'종로구'),(10,0,'누하동',0.008826414,0,0.197135952,0.087502,0.005494505,'종로구'),(11,0,'옥인동',0.005230467,0.216201422,0.245585039,0.087502,0.003663004,'종로구'),(12,0.008438819,'체부동',0.015037594,0,0.211489755,0.087502,0,'종로구'),(13,0,'필운동',0.012749264,0,0.173224648,0.087502,0,'종로구'),(14,0.005555556,'내자동',0.01552795,0,0.554236702,0.087502,0.007326007,'종로구'),(15,0.005555556,'사직동',0.006047728,0.154122436,0.149232556,0.087502,0.018315018,'종로구'),(16,0,'도렴동',0.010134031,0.028870302,0.21316226,0.087502,0,'종로구'),(17,0.002777778,'당주동',0.026315789,0.106458917,0.217059638,0.087502,0,'종로구'),(18,0.019444444,'내수동',0.022066035,0.14575325,0.096760245,0.087502,0,'종로구'),(19,0,'세종로',0.004086303,0.013815706,0.21316226,0.087502,0.098901099,'종로구'),(20,0.027060932,'신문로1가',0.062453565,0.031844279,0.162951908,0.087502,0.009157509,'종로구'),(21,0.027060932,'신문로2가',0.016672115,0.0130096,0.1254229,0.087502,0.005494505,'종로구'),(22,0,'청진동',0.032200065,0.071425366,0.21316226,0.087502,0,'종로구'),(23,0.002777778,'서린동',0.052482986,0.051472236,0.21316226,0.087502,0.001831502,'종로구'),(24,0,'수송동',0.019287349,0.071632703,0.121737841,0.087502,0,'종로구'),(25,0,'중학동',0.004413207,0,0.21316226,0.087502,0.001831502,'종로구'),(26,0.005555556,'종로1가',0.05820381,0,0.13666812,0.087502,0.078754579,'종로구'),(27,0.002777778,'공평동',0.008662962,0,0.21316226,0.087502,0.003663004,'종로구'),(28,0.004219409,'관훈동',0.032690422,0,0.148547189,0.087502,0.001831502,'종로구'),(29,0.002777778,'견지동',0.005720824,0,0.140121165,0.087502,0.009157509,'종로구'),(30,0,'와룡동',0.003432494,0,0.031555957,0.087502,0.009157509,'종로구'),(31,0,'권농동',0.004903563,0.437567847,0.102522534,0.087502,0.001831502,'종로구'),(32,0,'운니동',0.005720824,0,0.294649673,0.087502,0.007326007,'종로구'),(33,0,'익선동',0.024681268,0,0.126468256,0.087502,0,'종로구'),(34,0,'경운동',0.003595946,0,0.114869761,0.087502,0.084249084,'종로구'),(35,0.015436006,'관철동',0.060313828,0.031601514,0.097536238,0.087502,0.009157509,'종로구'),(36,0,'인사동',0.026806146,0.054082,0.21316226,0.087502,0.003663004,'종로구'),(37,0.032721973,'낙원동',0.128339624,0,0.185170353,0.087502,0.001831502,'종로구'),(38,0,'종로2가',0.009643674,0.04532971,0.21316226,0.087502,0.010989011,'종로구'),(39,0,'팔판동',0.005557372,0,0.144912354,0.087502,0.003663004,'종로구'),(40,0.005555556,'삼청동',0.016181759,0,0.31956288,0.087502,0.012820513,'종로구'),(41,0,'안국동',0.006047728,0,0.263702117,0.087502,0.003663004,'종로구'),(42,0.002777778,'소격동',0.007191893,0,0.156711155,0.087502,0.001831502,'종로구'),(43,0,'화동',0.005067015,0,0.208589993,0.087502,0.001831502,'종로구'),(44,0,'사간동',0.003432494,0,0.210273921,0.087502,0,'종로구'),(45,0,'송현동',0,0,0.21316226,0.087502,0.001831502,'종로구'),(46,0,'가회동',0.003922851,0,0.22490793,0.087502,0.014652015,'종로구'),(47,0.004219409,'재동',0.012258908,0,0.146439189,0.087502,0.007326007,'종로구'),(48,0,'계동',0.0116051,0,0.19947317,0.087502,0.010989011,'종로구'),(49,0.002777778,'원서동',0.004740111,0.028104423,0.246896401,0.087502,0.005494505,'종로구'),(50,0,'훈정동',0,0.176004808,0.21316226,0.087502,0,'종로구'),(51,0.004219409,'묘동',0.012258908,0,0.21316226,0.087502,0.216117216,'종로구'),(52,0,'봉익동',0.007191893,0.234718913,0.162245947,0.087502,0,'종로구'),(53,0.064516129,'돈의동',0.02092187,0,0.214486657,0.087502,0,'종로구'),(54,0,'장사동',0.004086303,0.068445511,0.21316226,0.087502,0.001831502,'종로구'),(55,0.008438819,'관수동',0.017325924,0,0.018390784,0.087502,0.001831502,'종로구'),(56,0.002777778,'종로3가',0.011441648,0.139378411,0.21316226,0.087502,0.012820513,'종로구'),(57,0,'인의동',0.102350739,0.148767497,0.082527052,0.087502,0.003663004,'종로구'),(58,0,'예지동',0.049540848,0.004474125,0.21316226,0.087502,0.005494505,'종로구'),(59,0.005555556,'원남동',0.006047728,0,0.139371545,0.087502,0.007326007,'종로구'),(60,0,'연지동',0.009807127,0.056294413,0.080603353,0.087502,0.001831502,'종로구'),(61,0,'종로4가',0.006701536,0.105609871,0.21316226,0.087502,0.010989011,'종로구'),(62,0,'효제동',0.017325924,0,0.038080052,0.087502,0.005494505,'종로구'),(63,0.012658228,'종로5가',0.036776724,0,0.21316226,0.087502,0.084249084,'종로구'),(64,0,'종로6가',0.151564682,0.162503193,0.439017357,0.087502,0.007326007,'종로구'),(65,0.006997187,'이화동',0.008989866,0.135475086,0.262885612,0.087502,0.003663004,'종로구'),(66,0.009774965,'연건동',0.011441648,0,0.200540636,0.087502,0.027472527,'종로구'),(67,0,'충신동',0.005230467,0.021833281,0.326923162,0.087502,0.005494505,'종로구'),(68,0.008438819,'동숭동',0.042007192,0.039486648,0.231553054,0.087502,0.075091575,'종로구'),(69,0.005555556,'혜화동',0.016999019,0,0.170501635,0.087502,0.02014652,'종로구'),(70,0.004219409,'명륜1가',0.008172605,0.055319842,0.188721927,0.087502,0.009157509,'종로구'),(71,0.09579647,'명륜2가',0.030565544,0,0.123338966,0.087502,0.009157509,'종로구'),(72,0.011216596,'명륜4가',0.037430533,0,0.141762746,0.087502,0.003663004,'종로구'),(73,0,'명륜3가',0.01863354,0,0.211237363,0.087502,0.018315018,'종로구'),(74,0.042088608,'창신동',0.118354186,0.04020059,0.297793742,0.087502,0.241758242,'종로구'),(75,0.036427567,'숭인동',0.188831763,0.107497937,0.166356158,0.087502,0.175824176,'종로구'),(76,0.005555556,'교남동',0.006701536,0.038292587,0.21316226,0.087502,0.007326007,'종로구'),(77,0,'평동',0.00539392,0.024911371,0.019083454,0.087502,0.010989011,'종로구'),(78,0,'송월동',0.000817261,0.377753752,0.21316226,0.087502,0.001831502,'종로구'),(79,0,'홍파동',0.002778686,0.147810697,0.028037102,0.087502,0.001831502,'종로구'),(80,0,'교북동',0.004903563,0,0.020112709,0.087502,0.010989011,'종로구'),(81,0.004219409,'행촌동',0.003595946,0.102101413,0.284160863,0.087502,0.007326007,'종로구'),(82,0.006997187,'구기동',0.008172605,0.000628283,0.262444628,0.087502,0.032967033,'종로구'),(83,0.01533052,'평창동',0.013239621,0.010928062,0.225453578,0.087502,0.065934066,'종로구'),(84,0.002777778,'부암동',0.010624387,0.00034828,0.198942359,0.087502,0.016483516,'종로구'),(85,0,'홍지동',0.007191893,0,0.465609139,0.087502,0.034798535,'종로구'),(86,0.002777778,'신영동',0.004576659,0,0.344682148,0.087502,0.010989011,'종로구'),(87,0.004219409,'무악동',0.053627151,0.019926284,0.103794034,0.087502,0.080586081,'종로구'),(88,0.005555556,'무교동',0.010297483,0.033745072,0.21316226,0,0,'중구'),(89,0.005555556,'다동',0.026806146,0.099510392,0.21316226,0,0,'중구'),(90,0.008333333,'태평로1가',0.011278195,0,0.21316226,0,0.009157509,'중구'),(91,0,'을지로1가',0.007028441,0,0.21316226,0,0.078754579,'중구'),(92,0.006997187,'을지로2가',0.025008173,0.015380582,0.21316226,0,0.005494505,'중구'),(93,0,'남대문로1가',0.001471069,0,0.21316226,0,0.003663004,'중구'),(94,0,'삼각동',0.001307617,0.155186597,0.21316226,0,0.001831502,'중구'),(95,0.002777778,'수하동',0.006701536,0.032656755,0.21316226,0,0,'중구'),(96,0.005555556,'장교동',0.003759398,0.009584471,0.21316226,0,0,'중구'),(97,0.005555556,'수표동',0.008009153,0.024295341,0.21316226,0,0.001831502,'중구'),(98,0,'소공동',0.059838331,0,0.21316226,0,0.003663004,'중구'),(99,0.013994374,'남창동',0.071279979,0.156569758,0.324834053,0,0.080586081,'중구'),(100,0.015436006,'북창동',0.022556391,0,0.192381177,0,0,'중구'),(101,0.008333333,'태평로2가',0.018143184,0,0.21316226,0,0.155677656,'중구'),(102,0.053763441,'남대문로2가',0.049377396,0,0.21316226,0,0.010989011,'중구'),(103,0,'남대문로3가',0.005884276,0,0.21316226,0,0.007326007,'중구'),(104,0.005555556,'남대문로4가',0.00931677,0,0.21316226,0,0.003663004,'중구'),(105,0.01533052,'남대문로5가',0.033017326,0.274132609,0.075658687,0,0.014652015,'중구'),(106,0.002777778,'봉래동1가',0.004576659,0,0.21316226,0,0.009157509,'중구'),(107,0.010752688,'봉래동2가',0.13816161,0,0.21316226,0,0.3003663,'중구'),(108,0.019444444,'회현동1가',0.068501293,0.130390419,0.136155549,0,0.005494505,'중구'),(109,0.002777778,'회현동2가',0.005720824,0,0.117940442,0,0.005494505,'중구'),(110,0,'회현동3가',0.002451782,0,0.102585272,0,0,'중구'),(111,0.067293907,'충무로1가',0.103331451,0,0.21316226,0,0.003663004,'중구'),(112,0.091577061,'충무로2가',0.016672115,0,0.037504138,0,0.075091575,'중구'),(113,0.005555556,'명동1가',0.010460935,0,0.21316226,0,0,'중구'),(114,0.054121864,'명동2가',0.118859401,0,0.21316226,0,0,'중구'),(115,0,'남산동1가',0.004086303,0,0.292724877,0,0.001831502,'중구'),(116,0.002777778,'남산동2가',0.009807127,0,0.215793803,0,0.001831502,'중구'),(117,0,'남산동3가',0.001961425,0,0.21316226,0,0,'중구'),(118,0.002777778,'저동1가',0.00621118,0.077717527,0.21316226,0,0.005494505,'중구'),(119,0.10799079,'충무로4가',0.063434277,0,0.157611406,0,0.003663004,'중구'),(120,0,'충무로5가',0.008826414,0.137449569,0.056650173,0,0.001831502,'중구'),(121,0,'인현동2가',0.010460935,0.060283603,0.268351039,0,0,'중구'),(122,0,'예관동',0.002451782,0,0.072567276,0,0.001831502,'중구'),(123,0,'묵정동',0.002942138,0,0.08186391,0,0.001831502,'중구'),(124,0,'필동1가',0.009970579,0,0.207008531,0,0.007326007,'중구'),(125,0.035035842,'필동2가',0.023373652,0,0.257663784,0,0.144688645,'중구'),(126,0,'필동3가',0.010951291,0,0.17255806,0,0,'중구'),(127,0,'남학동',0.002778686,0,0.21316226,0,0,'중구'),(128,0.004219409,'주자동',0.000326904,0,0.21316226,0,0,'중구'),(129,0.002777778,'예장동',0.003759398,0,0.230343825,0,0.005494505,'중구'),(130,0.006997187,'장충동1가',0.004576659,0,0.174012042,0,0.005494505,'중구'),(131,0.02752484,'장충동2가',0.020758418,0.236316497,0.237661201,0,0.08974359,'중구'),(132,0.006997187,'광희동1가',0.015037594,0.066427411,0.1867075,0,0,'중구'),(133,0,'광희동2가',0.00310559,0.032809075,0.205117709,0,0.009157509,'중구'),(134,0.006997187,'쌍림동',0.007191893,0.011424243,0.187585746,0,0.003663004,'중구'),(135,0.153315412,'을지로6가',0.272058605,0.03767317,0.078722163,0,0.014652015,'중구'),(136,0,'을지로7가',0.003269042,0,1,0,0.216117216,'중구'),(137,0.002777778,'을지로4가',0.055425124,0,0.061735585,0,0.15018315,'중구'),(138,0.002777778,'을지로5가',0.006701536,0.267839881,0.167619145,0,0.003663004,'중구'),(139,0.002777778,'주교동',0.012258908,0,0.21316226,0,0.003663004,'중구'),(140,0,'방산동',0.001471069,0.015201622,0.21316226,0,0.005494505,'중구'),(141,0.004219409,'오장동',0.008989866,0,0.036019973,0,0,'중구'),(142,0.008333333,'을지로3가',0.026315789,0,0.21316226,0,0.148351648,'중구'),(143,0,'입정동',0.003922851,0,0.21316226,0,0.001831502,'중구'),(144,0,'산림동',0.052482986,0,0.21316226,0,0,'중구'),(145,0.016772152,'충무로3가',0.019777705,0,0.075896813,0,0.001831502,'중구'),(146,0.039255252,'초동',0.018143184,0,0.21316226,0,0,'중구'),(147,0.005555556,'인현동1가',0.008172605,0,0.21316226,0,0,'중구'),(148,0,'저동2가',0.016835567,0.013572871,0.040923889,0,0,'중구'),(149,0.167932489,'신당동',0.350500758,0.100525539,0.187793108,0,0.435897436,'중구'),(150,0.011111111,'흥인동',0.059674879,0.010046503,0.060970632,0,0.146520147,'중구'),(151,0.012658228,'무학동',0.008172605,0,0.075394776,0,0.001831502,'중구'),(152,0.026441632,'황학동',0.142069601,0.008581557,0.097601189,0,0.010989011,'중구'),(153,0.008333333,'서소문동',0.023373652,0.001888288,0.21316226,0,0.007326007,'중구'),(154,0.016308244,'정동',0.013729977,0.072435027,0,0,0.005494505,'중구'),(155,0.008333333,'순화동',0.017162471,0.063955291,0.058219404,0,0.003663004,'중구'),(156,0.005555556,'의주로1가',0.000653808,0.071279072,0.096402952,0,0.007326007,'중구'),(157,0.010752688,'충정로1가',0.001797973,0,0.21316226,0,0.001831502,'중구'),(158,0.013994374,'중림동',0.026479242,0.078514163,0.194921556,0,0.014652015,'중구'),(159,0,'의주로2가',0.000326904,0.72888776,0.21316226,0,0,'중구'),(160,0.002777778,'만리동1가',0.005230467,0.341266935,0.135471801,0,0.001831502,'중구'),(161,0.002777778,'만리동2가',0.001634521,0.350955062,0.03915269,0,0.005494505,'중구'),(162,0.006997187,'후암동',0.03023864,0.002759663,0.24122621,0.318738,0.034798535,'용산구'),(163,0.006997187,'용산동2가',0.041026479,0.002231051,0.334373246,0.318738,0.047619048,'용산구'),(164,0,'용산동4가',0,0,0.21316226,0.318738,0.076923077,'용산구'),(165,0.009774965,'갈월동',0.017652828,0,0.230360046,0.318738,0.159340659,'용산구'),(166,0.030766526,'남영동',0.068991649,0,0.188399887,0.318738,0.005494505,'용산구'),(167,0,'용산동1가',0.000326904,0,0.21316226,0.318738,0.005494505,'용산구'),(168,0.015436006,'동자동',0.027623406,0.015633593,0.151333712,0.318738,0.010989011,'용산구'),(169,0.002777778,'서계동',0.062290113,0.032062851,0.350742375,0.318738,0.014652015,'용산구'),(170,0.002777778,'청파동1가',0.006374632,0,0.267236085,0.318738,0.005494505,'용산구'),(171,0.006997187,'청파동2가',0.017162471,0,0.169308701,0.318738,0.018315018,'용산구'),(172,0.006997187,'청파동3가',0.018470088,0.050371338,0.125507433,0.318738,0.005494505,'용산구'),(173,0.018108298,'원효로1가',0.019123897,0.003874901,0.11270411,0.318738,0.018315018,'용산구'),(174,0.012658228,'원효로2가',0.016345211,0,0.151412893,0.318738,0.009157509,'용산구'),(175,0,'신창동',0.000653808,0.007830013,0.257502816,0.318738,0.007326007,'용산구'),(176,0.004219409,'산천동',0.000817261,0,0.168078152,0.318738,0.003663004,'용산구'),(177,0,'청암동',0.000490356,0.010819653,0.165019335,0.318738,0.007326007,'용산구'),(178,0.021097046,'원효로3가',0.055588576,0.018299294,0.135189937,0.318738,0.007326007,'용산구'),(179,0.006997187,'원효로4가',0.003922851,0,0.188366817,0.318738,0.016483516,'용산구'),(180,0.002777778,'효창동',0.007682249,0.043090557,0.127440508,0.318738,0.168498168,'용산구'),(181,0,'도원동',0.001961425,0.03286095,0.218522729,0.318738,0.010989011,'용산구'),(182,0.012658228,'용문동',0.014874142,0.008322707,0.137336408,0.318738,0.02014652,'용산구'),(183,0.002777778,'문배동',0.003759398,0.064110201,0.071600929,0.318738,0.010989011,'용산구'),(184,0.008438819,'신계동',0.008826414,0.229876972,0.12413626,0.318738,0.005494505,'용산구'),(185,0.016877637,'한강로1가',0.023864008,0.016739409,0.196438249,0.318738,0.152014652,'용산구'),(186,0.006997187,'한강로2가',0.28562513,0.029155698,0.221559973,0.318738,0.091575092,'용산구'),(187,0,'용산동3가',0.004413207,0,0.244849465,0.318738,0.001831502,'용산구'),(188,0.002777778,'용산동5가',0.00310559,0.045526593,0.037299352,0.318738,0.148351648,'용산구'),(189,0.326180754,'한강로3가',0.419536985,0.007701707,0.14628648,0.318738,0.183150183,'용산구'),(190,0.016666667,'이촌동',0.078144967,0.0066804,0.107624925,0.318738,0.056776557,'용산구'),(191,0.046097046,'이태원동',0.258937858,0.009896359,0.23146376,0.318738,0.133699634,'용산구'),(192,0.105977496,'한남동',0.170822313,0.01063032,0.218946561,0.318738,0.214285714,'용산구'),(193,0.005555556,'동빙고동',0.005067015,0,0.398209977,0.318738,0.010989011,'용산구'),(194,0.002777778,'서빙고동',0.001634521,0,0.179483007,0.318738,0.095238095,'용산구'),(195,0,'주성동',0.000163452,0,0.380608691,0.318738,0,'용산구'),(196,0,'용산동6가',0.138815418,0,0.21316226,0.318738,0.010989011,'용산구'),(197,0.027988748,'보광동',0.076510446,0.002549028,0.384805419,0.318738,0.02014652,'용산구'),(198,0.002777778,'상왕십리동',0.00931677,0.079669527,0.07806482,0.651554,0.009157509,'성동구'),(199,0.026441632,'하왕십리동',0.030565544,0.098016758,0.113582786,0.651554,0.120879121,'성동구'),(200,0.011216596,'홍익동',0.016345211,0.010406048,0.188521556,0.651554,0.005494505,'성동구'),(201,0.032102672,'도선동',0.024517816,0.01827825,0.120910694,0.651554,0.007326007,'성동구'),(202,0.018213783,'마장동',0.074549021,0.011638883,0.209316451,0.651554,0.124542125,'성동구'),(203,0,'사근동',0.007191893,0.001411088,0.189941701,0.651554,0.108058608,'성동구'),(204,0.18027653,'행당동',0.326324705,0.066392451,0.138936926,0.651554,0.554945055,'성동구'),(205,0,'응봉동',0.004413207,0.098665406,0.202405132,0.651554,0.128205128,'성동구'),(206,0.016772152,'금호동1가',0.055752028,0.220217515,0.129939576,0.651554,0.139194139,'성동구'),(207,0.011216596,'금호동2가',0.014874142,0.321500829,0.128152598,0.651554,0.032967033,'성동구'),(208,0.015436006,'금호동3가',0.109542631,0.143638072,0.211253475,0.651554,0.045787546,'성동구'),(209,0.02521097,'금호동4가',0.016181759,0.064704417,0.142845494,0.651554,0.122710623,'성동구'),(210,0.038994374,'옥수동',0.066376415,0.121009966,0.123372172,0.651554,0.223443223,'성동구'),(211,0.16201284,'성수동1가',0.166082202,0.074487936,0.172282429,0.651554,0.227106227,'성동구'),(212,0.137165963,'성수동2가',0.300633005,0.011845499,0.218457773,0.651554,0.164835165,'성동구'),(213,0.023874824,'송정동',0.012095456,0.001159223,0.263725909,0.651554,0.021978022,'성동구'),(214,0.037869198,'용답동',0.077491159,0.011107795,0.181362475,0.651554,0.236263736,'성동구'),(215,0.249437412,'중곡동',0.279547683,0.01211859,0.276483453,0.449434,0.230769231,'광진구'),(216,0.070182841,'능동',0.02173913,1,0.175985969,0.449434,0.234432234,'광진구'),(217,0.393947643,'구의동',0.463817647,0.036975476,0.20117004,0.449434,0.247252747,'광진구'),(218,0.046097046,'광장동',0.073241404,0.031951451,0.12421071,0.449434,0.137362637,'광진구'),(219,0.414828048,'자양동',0.484576065,0.005682809,0.210700735,0.449434,0.247252747,'광진구'),(220,0.17611837,'화양동',0.238833249,0.009687692,0.13697469,0.449434,0.173992674,'광진구'),(221,0.193293181,'군자동',0.097922672,0.004020645,0.217105395,0.449434,0.045787546,'광진구'),(222,0.032208158,'신설동',0.083211983,0.029614721,0.091449897,0.486341,0.232600733,'동대문구'),(223,0.041983122,'용두동',0.150405658,0.030521903,0.166059955,0.486341,0.194139194,'동대문구'),(224,0.046097046,'제기동',0.260929002,0.010274198,0.230020289,0.486341,0.122710623,'동대문구'),(225,0.157435007,'전농동',0.214820648,0.01720862,0.245884145,0.486341,0.373626374,'동대문구'),(226,0.064205345,'답십리동',0.109854676,0.140388037,0.183076287,0.486341,0.075091575,'동대문구'),(227,0.234657003,'장안동',0.389253767,0.0408008,0.225099072,0.486341,0.108058608,'동대문구'),(228,0.0447609,'청량리동',0.087298285,0.031245516,0.385723672,0.486341,0.043956044,'동대문구'),(229,0.044655415,'회기동',0.107239442,0.001000272,0.207276268,0.486341,0.016483516,'동대문구'),(230,0.041772152,'휘경동',0.088932806,0.070951612,0.202564574,0.486341,0.271062271,'동대문구'),(231,0.050421941,'이문동',0.247852834,0.009080344,0.250656173,0.486341,0.210622711,'동대문구'),(232,0.297398031,'면목동',0.280498678,0.117018401,0.357113063,0.503142,0.443223443,'중랑구'),(233,0.351100222,'상봉동',0.14891973,0.039426494,0.195997967,0.503142,0,'중랑구'),(234,0.078516174,'중화동',0.068322981,0.06225537,0.392373758,0.503142,0.291208791,'중랑구'),(235,0.194073545,'묵동',0.068322981,0.122495015,0.304746623,0.503142,0.163003663,'중랑구'),(236,0.112271449,'망우동',0.129632381,0.087592414,0.418982254,0.503142,0.336996337,'중랑구'),(237,0.071413502,'신내동',0.099884098,0.164305466,0.303121932,0.503142,0.197802198,'중랑구'),(238,0.011216596,'성북동',0.015037594,0.035205487,0.251488411,1,0.064102564,'성북구'),(239,0.002777778,'성북동1가',0.007191893,0,0.223896065,1,0.012820513,'성북구'),(240,0.040591398,'돈암동',0.102841095,0.152037274,0.240211115,1,0.084249084,'성북구'),(241,0.005555556,'동소문동1가',0.004249755,0.117914808,0.22869173,1,0.003663004,'성북구'),(242,0.009774965,'동소문동2가',0.011768552,0,0.33573859,1,0.005494505,'성북구'),(243,0.006997187,'동소문동3가',0.002124877,0,0.202713814,1,0.003663004,'성북구'),(244,0.005555556,'동소문동4가',0.00310559,0,0.162026077,1,0.003663004,'성북구'),(245,0.009774965,'동소문동5가',0.059184523,0,0.080593426,1,0.146520147,'성북구'),(246,0.009774965,'동소문동6가',0.004086303,0,0.110883465,1,0.003663004,'성북구'),(247,0,'동소문동7가',0.002451782,0.012149248,0.215412046,1,0.005494505,'성북구'),(248,0,'삼선동1가',0.050521561,0,0.332666724,1,0.080586081,'성북구'),(249,0.004219409,'삼선동2가',0.011768552,0.036731682,0.226767234,1,0.023809524,'성북구'),(250,0,'삼선동3가',0.001471069,0.013893159,0.312401338,1,0.012820513,'성북구'),(251,0,'삼선동4가',0.00931677,0,0.204993855,1,0.005494505,'성북구'),(252,0.006997187,'삼선동5가',0.011441648,0,0.26242541,1,0.009157509,'성북구'),(253,0.098524341,'동선동1가',0.090567327,0,0.123917611,1,0.003663004,'성북구'),(254,0.006997187,'동선동2가',0.019287349,0,0.205711893,1,0.010989011,'성북구'),(255,0,'동선동3가',0.006374632,0,0.232627038,1,0,'성북구'),(256,0.004219409,'동선동4가',0.007682249,0,0.225366733,1,0.003663004,'성북구'),(257,0.002777778,'동선동5가',0.005067015,0,0.210631401,1,0.001831502,'성북구'),(258,0.002777778,'안암동1가',0.004740111,0.062329353,0.217372792,1,0.007326007,'성북구'),(259,0,'안암동2가',0.00310559,0.027193693,0.209733775,1,0.010989011,'성북구'),(260,0,'안암동3가',0.001961425,0,0.310233614,1,0,'성북구'),(261,0.002777778,'안암동4가',0.000980713,0,0.275413458,1,0.001831502,'성북구'),(262,0.046202532,'안암동5가',0.054593004,0,0.192335415,1,0.108058608,'성북구'),(263,0.002777778,'보문동4가',0.003922851,0,0.214752247,1,0.001831502,'성북구'),(264,0,'보문동5가',0.003595946,0,0.290814778,1,0.001831502,'성북구'),(265,0,'보문동6가',0.001307617,0.061952741,0.259627826,1,0,'성북구'),(266,0.006997187,'보문동7가',0.053136795,0.041474345,0.216360423,1,0.003663004,'성북구'),(267,0.008333333,'보문동1가',0.00310559,0,0.178161372,1,0.15018315,'성북구'),(268,0,'보문동2가',0.00310559,0,0.244049955,1,0.001831502,'성북구'),(269,0,'보문동3가',0,0.112779266,0.172050078,1,0.001831502,'성북구'),(270,0.075632911,'정릉동',0.129632381,0.011760153,0.293674893,1,0.386446886,'성북구'),(271,0.033438819,'길음동',0.354468186,0.046802657,0.161451021,1,0.142857143,'성북구'),(272,0.0447609,'종암동',0.09154804,0.022053234,0.268456308,1,0.104395604,'성북구'),(273,0.053094233,'하월곡동',0.113123718,0.116027048,0.258267385,1,0.17032967,'성북구'),(274,0.002777778,'상월곡동',0.011441648,0.459428473,0.268798344,1,0.091575092,'성북구'),(275,0.034985935,'장위동',0.14435793,0.043144585,0.328508645,1,0.252747253,'성북구'),(276,0.037763713,'석관동',0.102662783,0.008909108,0.287083886,1,0.197802198,'성북구'),(277,0.30284243,'미아동',0.599661208,0.058496807,0.390219559,0.542075,0.631868132,'강북구'),(278,0.155690531,'번동',0.071101667,0.521371953,0.366746856,0.542075,0.250915751,'강북구'),(279,0.36484733,'수유동',0.512674968,0.003435167,0.381145,0.542075,0.406593407,'강북구'),(280,0.025316456,'우이동',0.028440667,0.007543863,0.374479771,0.542075,0.243589744,'강북구'),(281,0.08931083,'쌍문동',0.122767393,0.054512113,0.356877362,0.822395,0.172161172,'도봉구'),(282,0.241970646,'방학동',0.239828821,0.043565518,0.374799974,0.822395,0.214285714,'도봉구'),(283,0.228482147,'창동',0.310618443,0.113447925,0.2968451,0.822395,0.423076923,'도봉구'),(284,0.063080169,'도봉동',0.164625992,0.021650895,0.364523721,0.822395,0.364468864,'도봉구'),(285,0.089627286,'월계동',0.118354186,0.038452152,0.253236027,0.752381,0.408424908,'노원구'),(286,0.190576653,'공릉동',0.216276858,0.023410921,0.224375288,0.752381,0.481684982,'노원구'),(287,0.012552743,'하계동',0.075366281,0.075545773,0.222515845,0.752381,0.172161172,'노원구'),(288,0.552415952,'상계동',0.550432405,0.038728713,0.300069887,0.752381,0.778388278,'노원구'),(289,0.233012341,'중계동',0.317498291,0.068061465,0.220844203,0.752381,0.208791209,'노원구'),(290,0.012658228,'수색동',0.058367262,0.005267478,0.292422418,0.767089,0.104395604,'은평구'),(291,0.051399664,'녹번동',0.043151357,0.042270897,0.281828796,0.767089,0.184981685,'은평구'),(292,0.074085795,'불광동',0.298701299,0.025012989,0.333023836,0.767089,0.186813187,'은평구'),(293,0.147151899,'갈현동',0.112945407,0.009419681,0.343442506,0.767089,0.346153846,'은평구'),(294,0.012552743,'구산동',0.064905346,0.019309298,0.303489446,0.767089,0.062271062,'은평구'),(295,0.165304433,'대조동',0.15906862,0.010237062,0.237504069,0.767089,0.19047619,'은평구'),(296,0.157946554,'응암동',0.206960088,0.031593182,0.295227244,0.767089,0.15018315,'은평구'),(297,0.082524613,'역촌동',0.156289934,0.008798878,0.314508266,0.767089,0.093406593,'은평구'),(298,0.459061522,'신사동',0.507399923,0.034465573,0.267905771,0.767089,0.34981685,'은평구'),(299,0.02521097,'증산동',0.022883295,0.007645658,0.356175816,0.767089,0.093406593,'은평구'),(300,0.108243728,'진관동',0.084683052,0.062915992,0.244340618,0.767089,0.183150183,'은평구'),(301,0.011216596,'충정로2가',0.016672115,0,0.150643992,0.653581,0.091575092,'서대문구'),(302,0.015436006,'충정로3가',0.023700556,0.005425358,0.270435955,0.653581,0.175824176,'서대문구'),(303,0,'합동',0.003432494,0.017094282,0.10282381,0.653581,0,'서대문구'),(304,0.002777778,'미근동',0.011932004,0,0.238972472,0.653581,0.003663004,'서대문구'),(305,0,'냉천동',0.013893429,0.035405557,0.223432477,0.653581,0.010989011,'서대문구'),(306,0,'천연동',0.004086303,0,0.186257113,0.653581,0.014652015,'서대문구'),(307,0,'옥천동',0.00310559,0.134957656,0.275258321,0.653581,0,'서대문구'),(308,0.013994374,'영천동',0.004576659,0.080955484,0.148988028,0.653581,0.014652015,'서대문구'),(309,0.002777778,'현저동',0.000653808,0.465907328,0.124704224,0.653581,0.027472527,'서대문구'),(310,0.018213783,'북아현동',0.022392939,0.04710699,0.217478277,0.653581,0.047619048,'서대문구'),(311,0.092405063,'홍제동',0.25994829,0.063648244,0.274135803,0.653581,0.28021978,'서대문구'),(312,0.038277528,'대현동',0.089259711,0.015109513,0.064354174,0.653581,0.021978022,'서대문구'),(313,0.024283154,'대신동',0.007518797,0,0.190183486,0.653581,0.02014652,'서대문구'),(314,0.086021505,'신촌동',0.048560136,0.011268904,0.168137023,0.653581,0.007326007,'서대문구'),(315,0,'봉원동',0.000163452,0.0031787,0.591412056,0.653581,0.003663004,'서대문구'),(316,0.176162606,'창천동',0.225430176,0.029094591,0.160178712,0.653581,0.181318681,'서대문구'),(317,0.048305431,'연희동',0.107402895,0.026400732,0.220319339,0.653581,0.102564103,'서대문구'),(318,0.018108298,'홍은동',0.150078754,0.026970713,0.322402097,0.653581,0.177655678,'서대문구'),(319,0.054535865,'북가좌동',0.089750067,0.039618612,0.282072968,0.653581,0.080586081,'서대문구'),(320,0.047538678,'남가좌동',0.292817023,0.067428072,0.177537217,0.653581,0.148351648,'서대문구'),(321,0.016666667,'아현동',0.026152337,0.060077161,0.137074893,0.475704,0.183150183,'마포구'),(322,0.041877637,'공덕동',0.201090671,0.029114148,0.153453686,0.475704,0.324175824,'마포구'),(323,0.009774965,'신공덕동',0.055261672,0.021879843,0.106942262,0.475704,0.016483516,'마포구'),(324,0.060091421,'도화동',0.124728818,0.020155262,0.15862411,0.475704,0.141025641,'마포구'),(325,0.036427567,'용강동',0.026806146,0.033545463,0.123208578,0.475704,0.014652015,'마포구'),(326,0,'토정동',0.000490356,0,0.083842131,0.475704,0.003663004,'마포구'),(327,0,'마포동',0.007518797,0.017262856,0.156119501,0.475704,0.003663004,'마포구'),(328,0.023769339,'대흥동',0.032363517,0.021778788,0.135406023,0.475704,0.186813187,'마포구'),(329,0.01533052,'염리동',0.069645458,0.003580747,0.106287238,0.475704,0.021978022,'마포구'),(330,0.040541491,'노고산동',0.074058664,0.014652566,0.123051903,0.475704,0.097069597,'마포구'),(331,0.008333333,'신수동',0.118205593,0.017575641,0.148703486,0.475704,0.045787546,'마포구'),(332,0,'현석동',0.001471069,0.073716746,0.125776554,0.475704,0,'마포구'),(333,0.005555556,'구수동',0.050358109,0,0.308192736,0.475704,0.009157509,'마포구'),(334,0.025105485,'창전동',0.069155101,0.057956585,0.159283571,0.475704,0.133699634,'마포구'),(335,0.008333333,'상수동',0.054919908,0.025682097,0.158822418,0.475704,0.104395604,'마포구'),(336,0,'하중동',0.000490356,0,0.062890059,0.475704,0.007326007,'마포구'),(337,0.288009845,'신정동',0.3537698,0.003942087,0.258278452,0.475704,0.516483516,'마포구'),(338,0,'당인동',0.001634521,0.001782853,0.237535304,0.475704,0.001831502,'마포구'),(339,0.194832358,'서교동',0.442999792,0.01937667,0.173652334,0.475704,0.177655678,'마포구'),(340,0.301383785,'동교동',0.277110761,0.020322147,0.17936992,0.475704,0.247252747,'마포구'),(341,0.051652602,'합정동',0.132084163,0.002865455,0.172833551,0.475704,0.195970696,'마포구'),(342,0.071413502,'망원동',0.112618503,0.006897529,0.181471239,0.475704,0.097069597,'마포구'),(343,0.01954993,'연남동',0.217094119,0.005872374,0.172726492,0.475704,0.04029304,'마포구'),(344,0.147090649,'성산동',0.156943743,0.23977122,0.14476543,0.475704,0.254578755,'마포구'),(345,0.002777778,'중동',0.007028441,0.016524157,0.216551317,0.475704,0.014652015,'마포구'),(346,0.064099859,'상암동',0.101994116,0.523250495,0.225636911,0.475704,0.377289377,'마포구'),(347,0.288009845,'신정동',0.3537698,0.227814261,0.258278452,0.763816,0.516483516,'양천구'),(348,0.470172633,'목동',0.462004814,0.150369963,0.165245081,0.763816,0.518315018,'양천구'),(349,0.145815752,'신월동',0.195993937,0.182430408,0.357547019,0.763816,0.146520147,'양천구'),(350,0.066983122,'염창동',0.122128444,0.004696121,0.111428982,0.692257,0.067765568,'강서구'),(351,0.304053809,'등촌동',0.147121757,0.046741367,0.157609707,0.692257,0.28021978,'강서구'),(352,0.510338687,'화곡동',0.450176825,0.098632424,0.219368809,0.692257,0.631868132,'강서구'),(353,0.064099859,'가양동',0.213200987,0.156027039,0.178857352,0.692257,0.152014652,'강서구'),(354,0.253721474,'마곡동',0.26138964,0.224874662,0.125788626,0.692257,0.344322344,'강서구'),(355,0.054324895,'내발산동',0.139127463,0.359717434,0.311941105,0.692257,0.157509158,'강서구'),(356,0,'외발산동',0.004413207,0.025989376,0.190018183,0.692257,0.036630037,'강서구'),(357,0.036427567,'공항동',0.050997058,0.013784955,0.27309322,0.692257,0.216117216,'강서구'),(358,0.242020553,'방화동',0.153496389,0.072829556,0.249926495,0.692257,0.639194139,'강서구'),(359,0,'개화동',0.000490356,0.000993823,0.537213061,0.692257,0.08974359,'강서구'),(360,0,'과해동',0.000163452,0,0.21316226,0.692257,0.005494505,'강서구'),(361,0,'오곡동',0.000490356,0,0.21316226,0.692257,0.003663004,'강서구'),(362,0,'오쇠동',0.000163452,0,0.21316226,0.692257,0.003663004,'강서구'),(363,0.0928633,'신도림동',0.127358911,0.014874527,0.131747931,0.47607,0.289377289,'구로구'),(364,0.539610272,'구로동',0.846191566,0.014763468,0.236345119,0.47607,0.567765568,'구로구'),(365,0.066068917,'가리봉동',0.034815299,0.001138714,0.252220213,0.47607,0.016483516,'구로구'),(366,0.096624473,'고척동',0.440458855,0.224186431,0.371127623,0.47607,0.126373626,'구로구'),(367,0.094613448,'개봉동',0.172308241,0.147075186,0.314859707,0.47607,0.230769231,'구로구'),(368,0.054535865,'오류동',0.096615055,0.026448435,0.275188062,0.47607,0.153846154,'구로구'),(369,0.012658228,'궁동',0.008989866,0.038179264,0.392855082,0.47607,0.056776557,'구로구'),(370,0.022433193,'온수동',0.00931677,0.0367205,0.342659321,0.47607,0.17032967,'구로구'),(371,0.005555556,'천왕동',0.004249755,0.177906198,0.481129656,0.47607,0.124542125,'구로구'),(372,0.011111111,'항동',0.007355345,0.136138652,0.195748608,0.47607,0.054945055,'구로구'),(373,0.163601924,'가산동',0.368658801,0.002762707,0.113416043,0.415221,0.406593407,'금천구'),(374,0.300472982,'독산동',0.629275759,0.070546485,0.231272037,0.415221,0.201465201,'금천구'),(375,0.198909986,'시흥동',0.457933371,0.024515383,0.356304974,0.415221,0.326007326,'금천구'),(376,0.089263191,'영등포동',0.027296502,0.261469931,0.179228874,0.286698,0.097069597,'영등포구'),(377,0.002777778,'영등포동1가',0.004740111,0,0.058772151,0.286698,0.001831502,'영등포구'),(378,0.006997187,'영등포동2가',0.008826414,0.039614364,0.080853274,0.286698,0.009157509,'영등포구'),(379,0.021097046,'영등포동3가',0.042170644,0,0.059015168,0.286698,0.010989011,'영등포구'),(380,0.141585001,'영등포동4가',0.116734524,0,0.065598157,0.286698,0.014652015,'영등포구'),(381,0.019655415,'영등포동5가',0.108071562,0,0.140428014,0.286698,0.075091575,'영등포구'),(382,0.016877637,'영등포동6가',0.011441648,0,0.081458014,0.286698,0.005494505,'영등포구'),(383,0.008333333,'영등포동7가',0.020104609,0.0196169,0.116029997,0.286698,0.016483516,'영등포구'),(384,0.011111111,'영등포동8가',0.05591548,0.020975745,0.084840111,0.286698,0.012820513,'영등포구'),(385,0.19287124,'여의도동',0.398213914,0.057032582,0.128115473,0.286698,0.463369963,'영등포구'),(386,0.005555556,'당산동1가',0.023046747,0.004171806,0.17886223,0.286698,0.009157509,'영등포구'),(387,0,'당산동2가',0.059674879,0,0.139411325,0.286698,0.010989011,'영등포구'),(388,0.046202532,'당산동3가',0.049362537,0.058332609,0.171751378,0.286698,0.152014652,'영등포구'),(389,0.026547117,'당산동4가',0.017325924,0.017878632,0.118762942,0.286698,0.010989011,'영등포구'),(390,0.036322082,'당산동5가',0.058367262,0.037451683,0.090931917,0.286698,0.034798535,'영등포구'),(391,0.018108298,'당산동6가',0.021902583,0.018701904,0.14935531,0.286698,0.152014652,'영등포구'),(392,0.002777778,'당산동',0.006047728,0.086375021,0.085247311,0.286698,0.031135531,'영등포구'),(393,0.01533052,'도림동',0.070462718,0.023763623,0.286555154,0.286698,0.043956044,'영등포구'),(394,0,'문래동1가',0.004903563,0,0.370290662,0.286698,0.005494505,'영등포구'),(395,0,'문래동2가',0.018143184,0,0.271787863,0.286698,0.005494505,'영등포구'),(396,0.038994374,'문래동3가',0.182947487,0.081748305,0.125515606,0.286698,0.108058608,'영등포구'),(397,0.004219409,'문래동4가',0.010460935,0.023934765,0.199758637,0.286698,0.003663004,'영등포구'),(398,0.002777778,'문래동5가',0.00310559,0.009388482,0.152114559,0.286698,0.010989011,'영등포구'),(399,0.008333333,'문래동6가',0.00931677,0.011512143,0.140824333,0.286698,0.014652015,'영등포구'),(400,0.002777778,'양평동1가',0.111830961,0.012041963,0.129975143,0.286698,0.018315018,'영등포구'),(401,0.005555556,'양평동2가',0.016508663,0.001583716,0.125219243,0.286698,0.010989011,'영등포구'),(402,0.01533052,'양평동3가',0.103004547,0.09631081,0.107575648,0.286698,0.023809524,'영등포구'),(403,0.02943038,'양평동4가',0.037430533,0.010164811,0.125340703,0.286698,0.014652015,'영등포구'),(404,0.008333333,'양평동5가',0.010134031,0,0.088213328,0.286698,0.082417582,'영등포구'),(405,0,'양평동6가',0.002778686,0,0.11058202,0.286698,0.007326007,'영등포구'),(406,0,'양화동',0.000326904,0.086769975,0.21316226,0.286698,0.010989011,'영등포구'),(407,0.162165963,'신길동',0.27464412,0.041364775,0.268749645,0.286698,0.545787546,'영등포구'),(408,0.18266526,'대림동',0.238669797,0.025860643,0.285971179,0.286698,0.263736264,'영등포구'),(409,0,'양평동',0,0,0.21316226,0.286698,0,'영등포구'),(410,0.067088608,'노량진동',0.124728818,0.062265548,0.248237343,0.638682,0.212454212,'동작구'),(411,0.111849508,'상도동',0.289860026,0.101667604,0.21300213,0.638682,0.382783883,'동작구'),(412,0.012552743,'상도1동',0.018470088,0.028523068,0.158143911,0.638682,0.100732601,'동작구'),(413,0.002777778,'본동',0.003922851,0.083164832,0.223353185,0.638682,0.119047619,'동작구'),(414,0.026547117,'흑석동',0.102008975,0.092596734,0.196795186,0.638682,0.163003663,'동작구'),(415,0.002777778,'동작동',0.000817261,0.04029023,0.08282654,0.638682,0.172161172,'동작구'),(416,0.237392813,'사당동',0.248803828,0.035306774,0.178188218,0.638682,0,'동작구'),(417,0.052988748,'대방동',0.126868555,0.142591818,0.189863367,0.638682,0.234432234,'동작구'),(418,0.12460755,'신대방동',0.054919908,0.482815601,0.229651978,0.638682,0.075091575,'동작구'),(419,0.442300712,'봉천동',0.76263782,0.08117059,0.199409769,0.426416,0.598901099,'관악구'),(420,0.597132616,'신림동',0.486136289,0.027660281,0.249151578,0.426416,0.642857143,'관악구'),(421,0.027988748,'남현동',0.077981515,0.003309975,0.15425211,0.426416,0.010989011,'관악구'),(422,0.221624473,'방배동',0.174893756,0.011687728,0.129458536,0.399269,0.648351648,'서초구'),(423,0.177918425,'양재동',0.192561443,0.198433634,0.15096095,0.399269,0.342490842,'서초구'),(424,0.020886076,'우면동',0.012095456,0.077166903,0.224469557,0.399269,0.06959707,'서초구'),(425,0,'원지동',0.004740111,0.000205259,0.213998871,0.399269,0.012820513,'서초구'),(426,0.107735584,'잠원동',0.162828019,0.025402757,0.078361598,0.399269,0.141025641,'서초구'),(427,0.188854861,'반포동',0.245059289,0.041982195,0.078938328,0.399269,0.648351648,'서초구'),(428,0.554375936,'서초동',0.361244019,0.025086185,0.081002128,0.399269,0.761904762,'서초구'),(429,0,'내곡동',0.004413207,0.01451118,0.257566634,0.399269,0.047619048,'서초구'),(430,0,'염곡동',0.000490356,0.003400507,0.179280714,0.399269,0.023809524,'서초구'),(431,0,'신원동',0.006864989,0.064584616,0.160486004,0.399269,0.115384615,'서초구'),(432,0.608977587,'역삼동',0.636363636,0.030723572,0.076626708,0.25608,0.344322344,'강남구'),(433,0.062869198,'개포동',0.156616839,0.170359561,0.080944833,0.25608,0.353479853,'강남구'),(434,0.196202532,'청담동',0.250111445,0.058971533,0.074061235,0.25608,0.117216117,'강남구'),(435,0.482524613,'삼성동',0.336592469,0.150445617,0.086471301,0.25608,0.602564103,'강남구'),(436,0.207524613,'대치동',0.496329757,0.03863943,0.074936967,0.25608,0.549450549,'강남구'),(437,0.459061522,'신사동',0.507236471,0.039439366,0.267781645,0.25608,0.34981685,'강남구'),(438,0.494653146,'논현동',0.469805938,0.028383132,0.12783546,0.25608,0.294871795,'강남구'),(439,0.005555556,'압구정동',0.197999941,0.033673634,0.064908421,0.25608,0.031135531,'강남구'),(440,0.009774965,'세곡동',0.012258908,0.049118088,0.231650949,0.25608,0.062271062,'강남구'),(441,0.002777778,'자곡동',0.011932004,0.128126303,0.119907178,0.25608,0.031135531,'강남구'),(442,0.002777778,'율현동',0.004413207,0.113114239,0.182628496,0.25608,0.021978022,'강남구'),(443,0.053199719,'일원동',0.081740914,0.071695614,0.090274736,0.25608,0.217948718,'강남구'),(444,0.027988748,'수서동',0.031546257,0.092122809,0.07354063,0.25608,0.192307692,'강남구'),(445,0.167146454,'도곡동',0.126036435,0.04399766,0.0506684,0.25608,0.291208791,'강남구'),(446,0.232032349,'잠실동',0.392032453,0.101322006,0.093988514,0.631845,0.291208791,'송파구'),(447,0.271692528,'신천동',0.28873072,0.066514442,0.051722384,0.631845,0.324175824,'송파구'),(448,0.046202532,'풍납동',0.081577461,0.020336083,0.227431205,0.631845,0.058608059,'송파구'),(449,0.117088608,'송파동',0.094802223,0.07496856,0.143472562,0.631845,0.177655678,'송파구'),(450,0.125949367,'석촌동',0.18620167,0.105299337,0.160682501,0.631845,0.031135531,'송파구'),(451,0.094971871,'삼전동',0.09775922,0.028894552,0.186337938,0.631845,0.021978022,'송파구'),(452,0.329817159,'가락동',0.285431959,0.07861753,0.106266581,0.631845,0.397435897,'송파구'),(453,0.355967288,'문정동',0.327112247,0.129868868,0.104974063,0.631845,0.159340659,'송파구'),(454,0.022222222,'장지동',0.025988885,0.140504939,0.231552488,0.631845,0.302197802,'송파구'),(455,0.209915612,'방이동',0.195993937,0.253053213,0.122960831,0.631845,0.296703297,'송파구'),(456,0.062869198,'오금동',0.136839133,0.325989591,0.197731274,0.631845,0.272893773,'송파구'),(457,0.085407876,'거여동',0.038411246,0.076237522,0.289391379,0.631845,0.146520147,'송파구'),(458,0.051969058,'마천동',0.14435793,0.324704243,0.407878587,0.631845,0.122710623,'송파구'),(459,0.11895218,'명일동',0.152367084,0.079174898,0.157756549,0.61641,0.228937729,'강동구'),(460,0.037763713,'고덕동',0.033834586,0.157918106,0.181561802,0.61641,0.04029304,'강동구'),(461,0.039205345,'상일동',0.029094475,0.214294497,0.271533758,0.61641,0.106227106,'강동구'),(462,0.147046414,'길동',0.279562543,0.087509461,0.199075452,0.61641,0.087912088,'강동구'),(463,0.060196906,'둔촌동',0.031382805,0.126844175,0.192998517,0.61641,0.076923077,'강동구'),(464,0.137271449,'암사동',0.06668846,0.010787468,0.207261267,0.61641,0.087912088,'강동구'),(465,0.415658319,'성내동',0.298835032,0.018210315,0.205740479,0.61641,0.304029304,'강동구'),(466,0.20889025,'천호동',0.395791851,0.025358597,0.222401475,0.61641,0.012820513,'강동구'),(467,0.012552743,'강일동',0.009480222,0.106071118,0.435761662,0.61641,0.003663004,'강동구');

INSERT INTO `dnti`.`dnti` (`dnti_id`, `count`, `keyword`, `hashtag1`, `hashtag2`) VALUES ('PSIN', '1','검소한 현실주의자', '알뜰살뜰','편리미엄');
INSERT INTO `dnti`.`dnti` (`dnti_id`, `count`, `keyword`, `hashtag1`, `hashtag2`) VALUES ('PISN', '1','알뜰한 현대인', '알뜰살뜰','편리미엄');
INSERT INTO `dnti`.`dnti` (`dnti_id`, `count`, `keyword`, `hashtag1`, `hashtag2`) VALUES ('PINS', '1','용감한 낭만인', '알뜰살뜰','편리미엄');
INSERT INTO `dnti`.`dnti` (`dnti_id`, `count`, `keyword`, `hashtag1`, `hashtag2`) VALUES ('PSNI', '1','소소한 산책러', '알뜰살뜰','안전제일');
INSERT INTO `dnti`.`dnti` (`dnti_id`, `count`, `keyword`, `hashtag1`, `hashtag2`) VALUES ('PNIS', '1','검소한 현실주의자', '알뜰살뜰','자연인');
INSERT INTO `dnti`.`dnti` (`dnti_id`, `count`, `keyword`, `hashtag1`, `hashtag2`) VALUES ('PNSI', '1','예비 귀농인', '알뜰살뜰','자연인');
INSERT INTO `dnti`.`dnti` (`dnti_id`, `count`, `keyword`, `hashtag1`, `hashtag2`) VALUES ('IPSN', '1','현실적인 야망인', '편리미엄','알뜰살뜰');
INSERT INTO `dnti`.`dnti` (`dnti_id`, `count`, `keyword`, `hashtag1`, `hashtag2`) VALUES ('IPNS', '1','해맑은 외향인', '편리미엄','알뜰살뜰');
INSERT INTO `dnti`.`dnti` (`dnti_id`, `count`, `keyword`, `hashtag1`, `hashtag2`) VALUES ('ISPN', '1','뼛속까지 도시인', '편리미엄','안전제일');
INSERT INTO `dnti`.`dnti` (`dnti_id`, `count`, `keyword`, `hashtag1`, `hashtag2`) VALUES ('ISNP', '1','신도시 킬러', '편리미엄','안전제일');
INSERT INTO `dnti`.`dnti` (`dnti_id`, `count`, `keyword`, `hashtag1`, `hashtag2`) VALUES ('INPS', '1','겂없는 모순주의자', '편리미엄','자연인');
INSERT INTO `dnti`.`dnti` (`dnti_id`, `count`, `keyword`, `hashtag1`, `hashtag2`) VALUES ('INSP', '1','본투비 부자', '편리미엄','자연인');
INSERT INTO `dnti`.`dnti` (`dnti_id`, `count`, `keyword`, `hashtag1`, `hashtag2`) VALUES ('SPIN', '1','속세에 찌든 신중이', '안전제일','알뜰살뜰');
INSERT INTO `dnti`.`dnti` (`dnti_id`, `count`, `keyword`, `hashtag1`, `hashtag2`) VALUES ('SPNI', '1','안전제일 꼼꼼이', '안전제일','알뜰살뜰');
INSERT INTO `dnti`.`dnti` (`dnti_id`, `count`, `keyword`, `hashtag1`, `hashtag2`) VALUES ('SIPN', '1','현실적인 안전과민러', '안전제일','편리미엄');
INSERT INTO `dnti`.`dnti` (`dnti_id`, `count`, `keyword`, `hashtag1`, `hashtag2`) VALUES ('SINP', '1','흥청망청 신혼부부', '안전제일','편리미엄');
INSERT INTO `dnti`.`dnti` (`dnti_id`, `count`, `keyword`, `hashtag1`, `hashtag2`) VALUES ('SNPI', '1','아재개그치는 예민이', '안전제일','자연인');
INSERT INTO `dnti`.`dnti` (`dnti_id`, `count`, `keyword`, `hashtag1`, `hashtag2`) VALUES ('SNIP', '1','신중한 개척자', '안전제일','자연인');
INSERT INTO `dnti`.`dnti` (`dnti_id`, `count`, `keyword`, `hashtag1`, `hashtag2`) VALUES ('NPIS', '1','예비 자연인', '자연인','알뜰살뜰');
INSERT INTO `dnti`.`dnti` (`dnti_id`, `count`, `keyword`, `hashtag1`, `hashtag2`) VALUES ('NPSI', '1','나는 자연인', '자연인','알뜰살뜰');
INSERT INTO `dnti`.`dnti` (`dnti_id`, `count`, `keyword`, `hashtag1`, `hashtag2`) VALUES ('NIPS', '1','겁없는 모순덩어리', '자연인','편리미엄');
INSERT INTO `dnti`.`dnti` (`dnti_id`, `count`, `keyword`, `hashtag1`, `hashtag2`) VALUES ('NISP', '1','모순적인 부자', '자연인','편리미엄');
INSERT INTO `dnti`.`dnti` (`dnti_id`, `count`, `keyword`, `hashtag1`, `hashtag2`) VALUES ('NSPI', '1','욕심없는 애늙은이', '자연인','안전제일');
INSERT INTO `dnti`.`dnti` (`dnti_id`, `count`, `keyword`, `hashtag1`, `hashtag2`) VALUES ('NSIP', '1','돈많은 예비시골인', '자연인','안전제일');

INSERT INTO `dnti`.`dnti` (`dnti_id`, `count`, `keyword`, `hashtag1`, `hashtag2`) VALUES ('NOTI', '1','우유부단한 자연인', '우유부단','자연인');
INSERT INTO `dnti`.`dnti` (`dnti_id`, `count`, `keyword`, `hashtag1`, `hashtag2`) VALUES ('NOTP', '1','우유부단한 부자', '우유부단','흥청망청');
INSERT INTO `dnti`.`dnti` (`dnti_id`, `count`, `keyword`, `hashtag1`, `hashtag2`) VALUES ('NOTN', '1','우유부단한 현대인', '우유부단','현대인');
INSERT INTO `dnti`.`dnti` (`dnti_id`, `count`, `keyword`, `hashtag1`, `hashtag2`) VALUES ('NOTS', '1','우유부단한 대장부', '우유부단','용감');


--더미 보드 데이터
INSERT INTO `dnti`.`board` (`created_time`, `contents`, `title`, `user_id`) VALUES ('2022-07-21 09:30:22.232051', '피카츄는 꼬리가 길어', '피카츄는전기쥐', 'yth@gmail.com');
INSERT INTO `dnti`.`board` (`created_time`, `contents`, `title`, `user_id`) VALUES ('2022-07-20 09:30:22.232051', '피카츄빵은 맛 없음', '가라 피카츄!', 'yth@gmail.com');
INSERT INTO `dnti`.`board` (`created_time`, `contents`, `title`, `user_id`) VALUES ('2022-07-23 09:30:22.232051', '파이리는 피카츄를 싫어해', '피카츄라이츄', 'yth@gmail.com');
INSERT INTO `dnti`.`board` (`created_time`, `contents`, `title`, `user_id`) VALUES ('2022-07-16 09:30:22.232051', '잠만보는잠자', '파이리와파이참', 'yth@gmail.com');
INSERT INTO `dnti`.`board` (`created_time`, `contents`, `title`, `user_id`) VALUES ('2022-07-18 09:30:22.232051', '신림동꼬렛', '깨비드릴조', 'yth@gmail.com');
INSERT INTO `dnti`.`board` (`created_time`, `contents`, `title`, `user_id`) VALUES ('2022-07-25 09:30:22.232051', '사내 식당 밥 맛있어용', '멀티캠퍼스시', 'skj@gmail.com');
INSERT INTO `dnti`.`board` (`created_time`, `contents`, `title`, `user_id`) VALUES ('2022-07-25 10:30:22.232051', '사내 식당 밥 맛없는데요?', '패스트캠퍼스', 'skj@gmail.com');
INSERT INTO `dnti`.`board` (`created_time`, `contents`, `title`, `user_id`) VALUES ('2022-07-25 12:30:22.232051', '밥 먹고 싶어', '호랑이선생님', 'skj@gmail.com');

--더비 댓글 데이터
INSERT INTO `dnti`.`reply` (`created_time`, `modified_time`, `contents`, `board_id`, `user_id`) VALUES ('2022-09-21 06:38:53.281000', '2022-09-21 06:38:53.281000', '댓글을 달아봐', '1', 'yth@gmail.com');
INSERT INTO `dnti`.`reply` (`created_time`, `modified_time`, `contents`, `board_id`, `user_id`) VALUES ('2022-09-21 06:38:53.281000', '2022-09-21 06:38:53.281000', '댓글을 달아봐2', '1', 'yth@gmail.com');
INSERT INTO `dnti`.`reply` (`created_time`, `modified_time`, `contents`, `board_id`, `user_id`) VALUES ('2022-09-21 06:38:53.281000', '2022-09-21 06:38:53.281000', '나를 쓰러트려봐', '1', 'yth@gmail.com');
INSERT INTO `dnti`.`reply` (`created_time`, `modified_time`, `contents`, `board_id`, `user_id`) VALUES ('2022-09-21 06:38:53.281000', '2022-09-21 06:38:53.281000', '우왕ㅋ굳ㅋ', '1', 'yth@gmail.com');
INSERT INTO `dnti`.`reply` (`created_time`, `modified_time`, `contents`, `board_id`, `user_id`) VALUES ('2022-09-21 06:38:53.281000', '2022-09-21 06:38:53.281000', '롤 잘함?', '1', 'yth@gmail.com');


